<?xml version="1.0" encoding="UTF-8"?>
<gpx version="1.1" creator="WindRide replay" xmlns="http://www.topografix.com/GPX/1/1" xmlns:xsi="http://www.w3.org/2001/XMLSchema-instance" xsi:schemaLocation="http://www.topografix.com/GPX/1/1 http://www.topografix.com/GPX/1/1/gpx.xsd">
  <metadata>
    <name>WindRide figure-eight trace</name>
  </metadata>
  <trk>
    <name>WindRide figure-eight trace</name>
    <trkseg>
      <trkpt lat="60.155333333333324" lon="24.682409912101328"><time>2026-07-10T09:00:00.000Z</time></trkpt>
      <trkpt lat="60.15539548627174" lon="24.68239762885534"><time>2026-07-10T09:00:01.000Z</time></trkpt>
      <trkpt lat="60.15545763921017" lon="24.682385345609354"><time>2026-07-10T09:00:02.000Z</time></trkpt>
      <trkpt lat="60.15551979214859" lon="24.682373062363368"><time>2026-07-10T09:00:03.000Z</time></trkpt>
      <trkpt lat="60.15558194508701" lon="24.68236077911738"><time>2026-07-10T09:00:04.000Z</time></trkpt>
      <trkpt lat="60.15564409802543" lon="24.682348495871395"><time>2026-07-10T09:00:05.000Z</time></trkpt>
      <trkpt lat="60.15570625096385" lon="24.682336212625408"><time>2026-07-10T09:00:06.000Z</time></trkpt>
      <trkpt lat="60.15576840390227" lon="24.68232392937942"><time>2026-07-10T09:00:07.000Z</time></trkpt>
      <trkpt lat="60.15583055684069" lon="24.682311646133435"><time>2026-07-10T09:00:08.000Z</time></trkpt>
      <trkpt lat="60.15589270977911" lon="24.68229936288745"><time>2026-07-10T09:00:09.000Z</time></trkpt>
      <trkpt lat="60.155954862717536" lon="24.682287079641462"><time>2026-07-10T09:00:10.000Z</time></trkpt>
      <trkpt lat="60.156017015655955" lon="24.68227479639548"><time>2026-07-10T09:00:11.000Z</time></trkpt>
      <trkpt lat="60.156079168594374" lon="24.682262513149492"><time>2026-07-10T09:00:12.000Z</time></trkpt>
      <trkpt lat="60.15614132153279" lon="24.682250229903506"><time>2026-07-10T09:00:13.000Z</time></trkpt>
      <trkpt lat="60.15620347447122" lon="24.68223794665752"><time>2026-07-10T09:00:14.000Z</time></trkpt>
      <trkpt lat="60.156263477570725" lon="24.682203840686746"><time>2026-07-10T09:00:15.000Z</time></trkpt>
      <trkpt lat="60.15632327147062" lon="24.682167611158945"><time>2026-07-10T09:00:16.000Z</time></trkpt>
      <trkpt lat="60.15638306537051" lon="24.682131381631148"><time>2026-07-10T09:00:17.000Z</time></trkpt>
      <trkpt lat="60.156442859270406" lon="24.682095152103347"><time>2026-07-10T09:00:18.000Z</time></trkpt>
      <trkpt lat="60.1565026531703" lon="24.682058922575546"><time>2026-07-10T09:00:19.000Z</time></trkpt>
      <trkpt lat="60.15656244707019" lon="24.682022693047745"><time>2026-07-10T09:00:20.000Z</time></trkpt>
      <trkpt lat="60.15662224097009" lon="24.681986463519944"><time>2026-07-10T09:00:21.000Z</time></trkpt>
      <trkpt lat="60.15668203486998" lon="24.681950233992143"><time>2026-07-10T09:00:22.000Z</time></trkpt>
      <trkpt lat="60.156741828769874" lon="24.681914004464343"><time>2026-07-10T09:00:23.000Z</time></trkpt>
      <trkpt lat="60.156801622669775" lon="24.68187777493654"><time>2026-07-10T09:00:24.000Z</time></trkpt>
      <trkpt lat="60.15686141656967" lon="24.681841545408744"><time>2026-07-10T09:00:25.000Z</time></trkpt>
      <trkpt lat="60.15692121046956" lon="24.681805315880943"><time>2026-07-10T09:00:26.000Z</time></trkpt>
      <trkpt lat="60.156981004369456" lon="24.681769086353142"><time>2026-07-10T09:00:27.000Z</time></trkpt>
      <trkpt lat="60.15704079826935" lon="24.68173285682534"><time>2026-07-10T09:00:28.000Z</time></trkpt>
      <trkpt lat="60.157096611950294" lon="24.681677080395193"><time>2026-07-10T09:00:29.000Z</time></trkpt>
      <trkpt lat="60.15715189151003" lon="24.681618680889464"><time>2026-07-10T09:00:30.000Z</time></trkpt>
      <trkpt lat="60.15720717106977" lon="24.68156028138373"><time>2026-07-10T09:00:31.000Z</time></trkpt>
      <trkpt lat="60.15726245062951" lon="24.681501881878003"><time>2026-07-10T09:00:32.000Z</time></trkpt>
      <trkpt lat="60.15731773018925" lon="24.68144348237227"><time>2026-07-10T09:00:33.000Z</time></trkpt>
      <trkpt lat="60.15737300974899" lon="24.68138508286654"><time>2026-07-10T09:00:34.000Z</time></trkpt>
      <trkpt lat="60.157428289308726" lon="24.68132668336081"><time>2026-07-10T09:00:35.000Z</time></trkpt>
      <trkpt lat="60.157483568868464" lon="24.68126828385508"><time>2026-07-10T09:00:36.000Z</time></trkpt>
      <trkpt lat="60.1575388484282" lon="24.681209884349347"><time>2026-07-10T09:00:37.000Z</time></trkpt>
      <trkpt lat="60.15759412798794" lon="24.681151484843618"><time>2026-07-10T09:00:38.000Z</time></trkpt>
      <trkpt lat="60.15764940754768" lon="24.68109308533789"><time>2026-07-10T09:00:39.000Z</time></trkpt>
      <trkpt lat="60.15770468710742" lon="24.681034685832156"><time>2026-07-10T09:00:40.000Z</time></trkpt>
      <trkpt lat="60.15775996666716" lon="24.680976286326427"><time>2026-07-10T09:00:41.000Z</time></trkpt>
      <trkpt lat="60.157815246226896" lon="24.680917886820694"><time>2026-07-10T09:00:42.000Z</time></trkpt>
      <trkpt lat="60.15786443301061" lon="24.680840660142977"><time>2026-07-10T09:00:43.000Z</time></trkpt>
      <trkpt lat="60.1579134121785" lon="24.680762791915523"><time>2026-07-10T09:00:44.000Z</time></trkpt>
      <trkpt lat="60.157962391346395" lon="24.68068492368807"><time>2026-07-10T09:00:45.000Z</time></trkpt>
      <trkpt lat="60.15801137051428" lon="24.680607055460616"><time>2026-07-10T09:00:46.000Z</time></trkpt>
      <trkpt lat="60.158060349682174" lon="24.680529187233166"><time>2026-07-10T09:00:47.000Z</time></trkpt>
      <trkpt lat="60.15810932885007" lon="24.680451319005712"><time>2026-07-10T09:00:48.000Z</time></trkpt>
      <trkpt lat="60.15815830801795" lon="24.68037345077826"><time>2026-07-10T09:00:49.000Z</time></trkpt>
      <trkpt lat="60.158207287185846" lon="24.680295582550805"><time>2026-07-10T09:00:50.000Z</time></trkpt>
      <trkpt lat="60.15825626635374" lon="24.68021771432335"><time>2026-07-10T09:00:51.000Z</time></trkpt>
      <trkpt lat="60.158305245521625" lon="24.680139846095898"><time>2026-07-10T09:00:52.000Z</time></trkpt>
      <trkpt lat="60.15835422468952" lon="24.680061977868444"><time>2026-07-10T09:00:53.000Z</time></trkpt>
      <trkpt lat="60.15840320385741" lon="24.67998410964099"><time>2026-07-10T09:00:54.000Z</time></trkpt>
      <trkpt lat="60.158452183025304" lon="24.679906241413537"><time>2026-07-10T09:00:55.000Z</time></trkpt>
      <trkpt lat="60.15849950592695" lon="24.67982485739292"><time>2026-07-10T09:00:56.000Z</time></trkpt>
      <trkpt lat="60.15854086985466" lon="24.679730824125922"><time>2026-07-10T09:00:57.000Z</time></trkpt>
      <trkpt lat="60.15858223378237" lon="24.67963679085893"><time>2026-07-10T09:00:58.000Z</time></trkpt>
      <trkpt lat="60.15862359771008" lon="24.679542757591932"><time>2026-07-10T09:00:59.000Z</time></trkpt>
      <trkpt lat="60.1586649616378" lon="24.67944872432494"><time>2026-07-10T09:01:00.000Z</time></trkpt>
      <trkpt lat="60.15870632556551" lon="24.67935469105794"><time>2026-07-10T09:01:01.000Z</time></trkpt>
      <trkpt lat="60.15874768949322" lon="24.679260657790948"><time>2026-07-10T09:01:02.000Z</time></trkpt>
      <trkpt lat="60.15878905342093" lon="24.67916662452395"><time>2026-07-10T09:01:03.000Z</time></trkpt>
      <trkpt lat="60.158830417348646" lon="24.679072591256954"><time>2026-07-10T09:01:04.000Z</time></trkpt>
      <trkpt lat="60.15887178127636" lon="24.67897855798996"><time>2026-07-10T09:01:05.000Z</time></trkpt>
      <trkpt lat="60.158913145204075" lon="24.678884524722964"><time>2026-07-10T09:01:06.000Z</time></trkpt>
      <trkpt lat="60.15895450913178" lon="24.67879049145597"><time>2026-07-10T09:01:07.000Z</time></trkpt>
      <trkpt lat="60.158995873059496" lon="24.678696458188973"><time>2026-07-10T09:01:08.000Z</time></trkpt>
      <trkpt lat="60.15903723698721" lon="24.67860242492198"><time>2026-07-10T09:01:09.000Z</time></trkpt>
      <trkpt lat="60.15907291080884" lon="24.678499881739448"><time>2026-07-10T09:01:10.000Z</time></trkpt>
      <trkpt lat="60.15910584676477" lon="24.678393243904626"><time>2026-07-10T09:01:11.000Z</time></trkpt>
      <trkpt lat="60.15913878272069" lon="24.6782866060698"><time>2026-07-10T09:01:12.000Z</time></trkpt>
      <trkpt lat="60.15917171867662" lon="24.67817996823498"><time>2026-07-10T09:01:13.000Z</time></trkpt>
      <trkpt lat="60.15920465463254" lon="24.678073330400156"><time>2026-07-10T09:01:14.000Z</time></trkpt>
      <trkpt lat="60.15923759058847" lon="24.677966692565334"><time>2026-07-10T09:01:15.000Z</time></trkpt>
      <trkpt lat="60.15927052654439" lon="24.677860054730512"><time>2026-07-10T09:01:16.000Z</time></trkpt>
      <trkpt lat="60.15930346250032" lon="24.677753416895687"><time>2026-07-10T09:01:17.000Z</time></trkpt>
      <trkpt lat="60.15933639845624" lon="24.677646779060865"><time>2026-07-10T09:01:18.000Z</time></trkpt>
      <trkpt lat="60.15936933441216" lon="24.677540141226043"><time>2026-07-10T09:01:19.000Z</time></trkpt>
      <trkpt lat="60.15940227036809" lon="24.67743350339122"><time>2026-07-10T09:01:20.000Z</time></trkpt>
      <trkpt lat="60.15943520632401" lon="24.6773268655564"><time>2026-07-10T09:01:21.000Z</time></trkpt>
      <trkpt lat="60.15946814227994" lon="24.677220227721577"><time>2026-07-10T09:01:22.000Z</time></trkpt>
      <trkpt lat="60.159497807628945" lon="24.67711019734806"><time>2026-07-10T09:01:23.000Z</time></trkpt>
      <trkpt lat="60.159521974181814" lon="24.676994463177333"><time>2026-07-10T09:01:24.000Z</time></trkpt>
      <trkpt lat="60.15954614073468" lon="24.67687872900661"><time>2026-07-10T09:01:25.000Z</time></trkpt>
      <trkpt lat="60.15957030728756" lon="24.676762994835883"><time>2026-07-10T09:01:26.000Z</time></trkpt>
      <trkpt lat="60.15959447384043" lon="24.67664726066516"><time>2026-07-10T09:01:27.000Z</time></trkpt>
      <trkpt lat="60.159618640393305" lon="24.676531526494433"><time>2026-07-10T09:01:28.000Z</time></trkpt>
      <trkpt lat="60.159642806946174" lon="24.676415792323706"><time>2026-07-10T09:01:29.000Z</time></trkpt>
      <trkpt lat="60.15966697349905" lon="24.676300058152982"><time>2026-07-10T09:01:30.000Z</time></trkpt>
      <trkpt lat="60.15969114005192" lon="24.676184323982255"><time>2026-07-10T09:01:31.000Z</time></trkpt>
      <trkpt lat="60.15971530660479" lon="24.676068589811532"><time>2026-07-10T09:01:32.000Z</time></trkpt>
      <trkpt lat="60.159739473157664" lon="24.675952855640805"><time>2026-07-10T09:01:33.000Z</time></trkpt>
      <trkpt lat="60.15976363971053" lon="24.67583712147008"><time>2026-07-10T09:01:34.000Z</time></trkpt>
      <trkpt lat="60.15978780626341" lon="24.675721387299355"><time>2026-07-10T09:01:35.000Z</time></trkpt>
      <trkpt lat="60.15980905954971" lon="24.675603688590318"><time>2026-07-10T09:01:36.000Z</time></trkpt>
      <trkpt lat="60.15982451355105" lon="24.67548207917925"><time>2026-07-10T09:01:37.000Z</time></trkpt>
      <trkpt lat="60.159839967552394" lon="24.675360469768183"><time>2026-07-10T09:01:38.000Z</time></trkpt>
      <trkpt lat="60.159855421553736" lon="24.675238860357116"><time>2026-07-10T09:01:39.000Z</time></trkpt>
      <trkpt lat="60.15987087555507" lon="24.675117250946048"><time>2026-07-10T09:01:40.000Z</time></trkpt>
      <trkpt lat="60.159886329556414" lon="24.67499564153498"><time>2026-07-10T09:01:41.000Z</time></trkpt>
      <trkpt lat="60.15990178355776" lon="24.674874032123913"><time>2026-07-10T09:01:42.000Z</time></trkpt>
      <trkpt lat="60.15991723755909" lon="24.674752422712846"><time>2026-07-10T09:01:43.000Z</time></trkpt>
      <trkpt lat="60.159932691560435" lon="24.67463081330178"><time>2026-07-10T09:01:44.000Z</time></trkpt>
      <trkpt lat="60.15994814556178" lon="24.67450920389071"><time>2026-07-10T09:01:45.000Z</time></trkpt>
      <trkpt lat="60.15996359956312" lon="24.674387594479644"><time>2026-07-10T09:01:46.000Z</time></trkpt>
      <trkpt lat="60.159979053564456" lon="24.674265985068576"><time>2026-07-10T09:01:47.000Z</time></trkpt>
      <trkpt lat="60.1599945075658" lon="24.67414437565751"><time>2026-07-10T09:01:48.000Z</time></trkpt>
      <trkpt lat="60.1600051704977" lon="24.67402099373252"><time>2026-07-10T09:01:49.000Z</time></trkpt>
      <trkpt lat="60.16001227378022" lon="24.673896294872318"><time>2026-07-10T09:01:50.000Z</time></trkpt>
      <trkpt lat="60.16001937706274" lon="24.673771596012116"><time>2026-07-10T09:01:51.000Z</time></trkpt>
      <trkpt lat="60.16002648034526" lon="24.673646897151915"><time>2026-07-10T09:01:52.000Z</time></trkpt>
      <trkpt lat="60.16003358362778" lon="24.673522198291714"><time>2026-07-10T09:01:53.000Z</time></trkpt>
      <trkpt lat="60.1600406869103" lon="24.673397499431513"><time>2026-07-10T09:01:54.000Z</time></trkpt>
      <trkpt lat="60.16004779019282" lon="24.67327280057131"><time>2026-07-10T09:01:55.000Z</time></trkpt>
      <trkpt lat="60.16005489347534" lon="24.67314810171111"><time>2026-07-10T09:01:56.000Z</time></trkpt>
      <trkpt lat="60.16006199675786" lon="24.67302340285091"><time>2026-07-10T09:01:57.000Z</time></trkpt>
      <trkpt lat="60.16006910004038" lon="24.672898703990708"><time>2026-07-10T09:01:58.000Z</time></trkpt>
      <trkpt lat="60.1600762033229" lon="24.672774005130506"><time>2026-07-10T09:01:59.000Z</time></trkpt>
      <trkpt lat="60.16008330660542" lon="24.672649306270305"><time>2026-07-10T09:02:00.000Z</time></trkpt>
      <trkpt lat="60.160089654369" lon="24.672524529003667"><time>2026-07-10T09:02:01.000Z</time></trkpt>
      <trkpt lat="60.160088978608286" lon="24.67239902284794"><time>2026-07-10T09:02:02.000Z</time></trkpt>
      <trkpt lat="60.16008830284756" lon="24.672273516692215"><time>2026-07-10T09:02:03.000Z</time></trkpt>
      <trkpt lat="60.160087627086845" lon="24.67214801053649"><time>2026-07-10T09:02:04.000Z</time></trkpt>
      <trkpt lat="60.16008695132613" lon="24.672022504380763"><time>2026-07-10T09:02:05.000Z</time></trkpt>
      <trkpt lat="60.160086275565405" lon="24.671896998225037"><time>2026-07-10T09:02:06.000Z</time></trkpt>
      <trkpt lat="60.16008559980469" lon="24.67177149206931"><time>2026-07-10T09:02:07.000Z</time></trkpt>
      <trkpt lat="60.16008492404397" lon="24.671645985913585"><time>2026-07-10T09:02:08.000Z</time></trkpt>
      <trkpt lat="60.16008424828325" lon="24.67152047975786"><time>2026-07-10T09:02:09.000Z</time></trkpt>
      <trkpt lat="60.16008357252253" lon="24.671394973602133"><time>2026-07-10T09:02:10.000Z</time></trkpt>
      <trkpt lat="60.16008289676181" lon="24.671269467446407"><time>2026-07-10T09:02:11.000Z</time></trkpt>
      <trkpt lat="60.16008222100109" lon="24.67114396129068"><time>2026-07-10T09:02:12.000Z</time></trkpt>
      <trkpt lat="60.160081545240374" lon="24.671018455134956"><time>2026-07-10T09:02:13.000Z</time></trkpt>
      <trkpt lat="60.16007447006697" lon="24.670893820947263"><time>2026-07-10T09:02:14.000Z</time></trkpt>
      <trkpt lat="60.16006671209063" lon="24.670769279796595"><time>2026-07-10T09:02:15.000Z</time></trkpt>
      <trkpt lat="60.160058954114305" lon="24.67064473864593"><time>2026-07-10T09:02:16.000Z</time></trkpt>
      <trkpt lat="60.16005119613797" lon="24.67052019749526"><time>2026-07-10T09:02:17.000Z</time></trkpt>
      <trkpt lat="60.16004343816164" lon="24.670395656344596"><time>2026-07-10T09:02:18.000Z</time></trkpt>
      <trkpt lat="60.1600356801853" lon="24.670271115193927"><time>2026-07-10T09:02:19.000Z</time></trkpt>
      <trkpt lat="60.16002792220897" lon="24.670146574043258"><time>2026-07-10T09:02:20.000Z</time></trkpt>
      <trkpt lat="60.160020164232634" lon="24.670022032892593"><time>2026-07-10T09:02:21.000Z</time></trkpt>
      <trkpt lat="60.1600124062563" lon="24.669897491741924"><time>2026-07-10T09:02:22.000Z</time></trkpt>
      <trkpt lat="60.160004648279966" lon="24.66977295059126"><time>2026-07-10T09:02:23.000Z</time></trkpt>
      <trkpt lat="60.15999689030363" lon="24.66964840944059"><time>2026-07-10T09:02:24.000Z</time></trkpt>
      <trkpt lat="60.1599891323273" lon="24.669523868289925"><time>2026-07-10T09:02:25.000Z</time></trkpt>
      <trkpt lat="60.15997513218746" lon="24.669401558967323"><time>2026-07-10T09:02:26.000Z</time></trkpt>
      <trkpt lat="60.15996104582861" lon="24.669279280471542"><time>2026-07-10T09:02:27.000Z</time></trkpt>
      <trkpt lat="60.15994695946976" lon="24.66915700197576"><time>2026-07-10T09:02:28.000Z</time></trkpt>
      <trkpt lat="60.1599328731109" lon="24.669034723479975"><time>2026-07-10T09:02:29.000Z</time></trkpt>
      <trkpt lat="60.159918786752044" lon="24.668912444984194"><time>2026-07-10T09:02:30.000Z</time></trkpt>
      <trkpt lat="60.15990470039319" lon="24.66879016648841"><time>2026-07-10T09:02:31.000Z</time></trkpt>
      <trkpt lat="60.15989061403433" lon="24.66866788799263"><time>2026-07-10T09:02:32.000Z</time></trkpt>
      <trkpt lat="60.15987652767548" lon="24.668545609496846"><time>2026-07-10T09:02:33.000Z</time></trkpt>
      <trkpt lat="60.159862441316626" lon="24.668423331001062"><time>2026-07-10T09:02:34.000Z</time></trkpt>
      <trkpt lat="60.15984835495777" lon="24.66830105250528"><time>2026-07-10T09:02:35.000Z</time></trkpt>
      <trkpt lat="60.159834268598914" lon="24.668178774009498"><time>2026-07-10T09:02:36.000Z</time></trkpt>
      <trkpt lat="60.15981832175797" lon="24.668057545985086"><time>2026-07-10T09:02:37.000Z</time></trkpt>
      <trkpt lat="60.15979866760747" lon="24.667938411193703"><time>2026-07-10T09:02:38.000Z</time></trkpt>
      <trkpt lat="60.15977901345696" lon="24.66781927640232"><time>2026-07-10T09:02:39.000Z</time></trkpt>
      <trkpt lat="60.159759359306456" lon="24.66770014161094"><time>2026-07-10T09:02:40.000Z</time></trkpt>
      <trkpt lat="60.15973970515595" lon="24.667581006819557"><time>2026-07-10T09:02:41.000Z</time></trkpt>
      <trkpt lat="60.15972005100544" lon="24.667461872028174"><time>2026-07-10T09:02:42.000Z</time></trkpt>
      <trkpt lat="60.15970039685494" lon="24.66734273723679"><time>2026-07-10T09:02:43.000Z</time></trkpt>
      <trkpt lat="60.15968074270443" lon="24.667223602445407"><time>2026-07-10T09:02:44.000Z</time></trkpt>
      <trkpt lat="60.159661088553925" lon="24.667104467654028"><time>2026-07-10T09:02:45.000Z</time></trkpt>
      <trkpt lat="60.159641434403426" lon="24.666985332862644"><time>2026-07-10T09:02:46.000Z</time></trkpt>
      <trkpt lat="60.15962178025292" lon="24.66686619807126"><time>2026-07-10T09:02:47.000Z</time></trkpt>
      <trkpt lat="60.15960212610241" lon="24.666747063279878"><time>2026-07-10T09:02:48.000Z</time></trkpt>
      <trkpt lat="60.159577965838636" lon="24.666631353888565"><time>2026-07-10T09:02:49.000Z</time></trkpt>
      <trkpt lat="60.15955347733337" lon="24.66651589401571"><time>2026-07-10T09:02:50.000Z</time></trkpt>
      <trkpt lat="60.1595289888281" lon="24.666400434142858"><time>2026-07-10T09:02:51.000Z</time></trkpt>
      <trkpt lat="60.159504500322825" lon="24.666284974270003"><time>2026-07-10T09:02:52.000Z</time></trkpt>
      <trkpt lat="60.15948001181756" lon="24.66616951439715"><time>2026-07-10T09:02:53.000Z</time></trkpt>
      <trkpt lat="60.15945552331229" lon="24.666054054524295"><time>2026-07-10T09:02:54.000Z</time></trkpt>
      <trkpt lat="60.159431034807014" lon="24.665938594651443"><time>2026-07-10T09:02:55.000Z</time></trkpt>
      <trkpt lat="60.159406546301746" lon="24.665823134778588"><time>2026-07-10T09:02:56.000Z</time></trkpt>
      <trkpt lat="60.15938205779648" lon="24.665707674905732"><time>2026-07-10T09:02:57.000Z</time></trkpt>
      <trkpt lat="60.1593575692912" lon="24.66559221503288"><time>2026-07-10T09:02:58.000Z</time></trkpt>
      <trkpt lat="60.159333080785935" lon="24.665476755160025"><time>2026-07-10T09:02:59.000Z</time></trkpt>
      <trkpt lat="60.15930542745389" lon="24.665364287564813"><time>2026-07-10T09:03:00.000Z</time></trkpt>
      <trkpt lat="60.159276790377014" lon="24.665252750079784"><time>2026-07-10T09:03:01.000Z</time></trkpt>
      <trkpt lat="60.15924815330015" lon="24.66514121259475"><time>2026-07-10T09:03:02.000Z</time></trkpt>
      <trkpt lat="60.159219516223274" lon="24.66502967510972"><time>2026-07-10T09:03:03.000Z</time></trkpt>
      <trkpt lat="60.15919087914641" lon="24.664918137624692"><time>2026-07-10T09:03:04.000Z</time></trkpt>
      <trkpt lat="60.159162242069534" lon="24.664806600139663"><time>2026-07-10T09:03:05.000Z</time></trkpt>
      <trkpt lat="60.15913360499267" lon="24.664695062654634"><time>2026-07-10T09:03:06.000Z</time></trkpt>
      <trkpt lat="60.159104967915795" lon="24.664583525169604"><time>2026-07-10T09:03:07.000Z</time></trkpt>
      <trkpt lat="60.15907633083893" lon="24.66447198768457"><time>2026-07-10T09:03:08.000Z</time></trkpt>
      <trkpt lat="60.159047693762055" lon="24.664360450199542"><time>2026-07-10T09:03:09.000Z</time></trkpt>
      <trkpt lat="60.15901905668519" lon="24.664248912714513"><time>2026-07-10T09:03:10.000Z</time></trkpt>
      <trkpt lat="60.15898757726069" lon="24.664140560999787"><time>2026-07-10T09:03:11.000Z</time></trkpt>
      <trkpt lat="60.15895541943015" lon="24.664032969658567"><time>2026-07-10T09:03:12.000Z</time></trkpt>
      <trkpt lat="60.158923261599604" lon="24.663925378317348"><time>2026-07-10T09:03:13.000Z</time></trkpt>
      <trkpt lat="60.15889110376906" lon="24.66381778697613"><time>2026-07-10T09:03:14.000Z</time></trkpt>
      <trkpt lat="60.15885894593852" lon="24.66371019563491"><time>2026-07-10T09:03:15.000Z</time></trkpt>
      <trkpt lat="60.15882678810797" lon="24.66360260429369"><time>2026-07-10T09:03:16.000Z</time></trkpt>
      <trkpt lat="60.15879463027743" lon="24.66349501295247"><time>2026-07-10T09:03:17.000Z</time></trkpt>
      <trkpt lat="60.15876247244689" lon="24.66338742161125"><time>2026-07-10T09:03:18.000Z</time></trkpt>
      <trkpt lat="60.15873031461634" lon="24.66327983027003"><time>2026-07-10T09:03:19.000Z</time></trkpt>
      <trkpt lat="60.158698156785796" lon="24.663172238928812"><time>2026-07-10T09:03:20.000Z</time></trkpt>
      <trkpt lat="60.15866586576648" lon="24.663064818819183"><time>2026-07-10T09:03:21.000Z</time></trkpt>
      <trkpt lat="60.158630753980106" lon="24.66296102517455"><time>2026-07-10T09:03:22.000Z</time></trkpt>
      <trkpt lat="60.15859564219373" lon="24.662857231529916"><time>2026-07-10T09:03:23.000Z</time></trkpt>
      <trkpt lat="60.15856053040736" lon="24.662753437885282"><time>2026-07-10T09:03:24.000Z</time></trkpt>
      <trkpt lat="60.15852541862098" lon="24.66264964424065"><time>2026-07-10T09:03:25.000Z</time></trkpt>
      <trkpt lat="60.15849030683461" lon="24.662545850596015"><time>2026-07-10T09:03:26.000Z</time></trkpt>
      <trkpt lat="60.158455195048234" lon="24.66244205695138"><time>2026-07-10T09:03:27.000Z</time></trkpt>
      <trkpt lat="60.15842008326186" lon="24.662338263306747"><time>2026-07-10T09:03:28.000Z</time></trkpt>
      <trkpt lat="60.158384971475485" lon="24.662234469662113"><time>2026-07-10T09:03:29.000Z</time></trkpt>
      <trkpt lat="60.15834985968911" lon="24.66213067601748"><time>2026-07-10T09:03:30.000Z</time></trkpt>
      <trkpt lat="60.158314747902736" lon="24.662026882372846"><time>2026-07-10T09:03:31.000Z</time></trkpt>
      <trkpt lat="60.158278522718156" lon="24.66192469052257"><time>2026-07-10T09:03:32.000Z</time></trkpt>
      <trkpt lat="60.15824096456686" lon="24.661824416349706"><time>2026-07-10T09:03:33.000Z</time></trkpt>
      <trkpt lat="60.15820340641555" lon="24.66172414217684"><time>2026-07-10T09:03:34.000Z</time></trkpt>
      <trkpt lat="60.15816584826425" lon="24.661623868003975"><time>2026-07-10T09:03:35.000Z</time></trkpt>
      <trkpt lat="60.15812829011295" lon="24.66152359383111"><time>2026-07-10T09:03:36.000Z</time></trkpt>
      <trkpt lat="60.15809073196164" lon="24.661423319658244"><time>2026-07-10T09:03:37.000Z</time></trkpt>
      <trkpt lat="60.15805317381034" lon="24.66132304548538"><time>2026-07-10T09:03:38.000Z</time></trkpt>
      <trkpt lat="60.15801561565903" lon="24.661222771312516"><time>2026-07-10T09:03:39.000Z</time></trkpt>
      <trkpt lat="60.157978057507734" lon="24.66112249713965"><time>2026-07-10T09:03:40.000Z</time></trkpt>
      <trkpt lat="60.15794049935643" lon="24.661022222966785"><time>2026-07-10T09:03:41.000Z</time></trkpt>
      <trkpt lat="60.157902909453306" lon="24.66092199890195"><time>2026-07-10T09:03:42.000Z</time></trkpt>
      <trkpt lat="60.15786335819941" lon="24.660824870075007"><time>2026-07-10T09:03:43.000Z</time></trkpt>
      <trkpt lat="60.15782380694551" lon="24.660727741248063"><time>2026-07-10T09:03:44.000Z</time></trkpt>
      <trkpt lat="60.15778425569161" lon="24.66063061242112"><time>2026-07-10T09:03:45.000Z</time></trkpt>
      <trkpt lat="60.15774470443771" lon="24.660533483594175"><time>2026-07-10T09:03:46.000Z</time></trkpt>
      <trkpt lat="60.15770515318381" lon="24.66043635476723"><time>2026-07-10T09:03:47.000Z</time></trkpt>
      <trkpt lat="60.157665601929914" lon="24.660339225940284"><time>2026-07-10T09:03:48.000Z</time></trkpt>
      <trkpt lat="60.157626050676015" lon="24.66024209711334"><time>2026-07-10T09:03:49.000Z</time></trkpt>
      <trkpt lat="60.157586499422116" lon="24.660144968286396"><time>2026-07-10T09:03:50.000Z</time></trkpt>
      <trkpt lat="60.15754694816822" lon="24.660047839459452"><time>2026-07-10T09:03:51.000Z</time></trkpt>
      <trkpt lat="60.15750739691432" lon="24.659950710632508"><time>2026-07-10T09:03:52.000Z</time></trkpt>
      <trkpt lat="60.15746672513759" lon="24.659855488790583"><time>2026-07-10T09:03:53.000Z</time></trkpt>
      <trkpt lat="60.15742558638035" lon="24.65976106168913"><time>2026-07-10T09:03:54.000Z</time></trkpt>
      <trkpt lat="60.15738444762311" lon="24.65966663458768"><time>2026-07-10T09:03:55.000Z</time></trkpt>
      <trkpt lat="60.15734330886586" lon="24.65957220748623"><time>2026-07-10T09:03:56.000Z</time></trkpt>
      <trkpt lat="60.15730217010862" lon="24.65947778038478"><time>2026-07-10T09:03:57.000Z</time></trkpt>
      <trkpt lat="60.15726103135138" lon="24.659383353283328"><time>2026-07-10T09:03:58.000Z</time></trkpt>
      <trkpt lat="60.15721989259414" lon="24.659288926181876"><time>2026-07-10T09:03:59.000Z</time></trkpt>
      <trkpt lat="60.157178753836895" lon="24.659194499080428"><time>2026-07-10T09:04:00.000Z</time></trkpt>
      <trkpt lat="60.157137615079655" lon="24.659100071978976"><time>2026-07-10T09:04:01.000Z</time></trkpt>
      <trkpt lat="60.157096476322415" lon="24.659005644877524"><time>2026-07-10T09:04:02.000Z</time></trkpt>
      <trkpt lat="60.1570547227397" lon="24.658912329130786"><time>2026-07-10T09:04:03.000Z</time></trkpt>
      <trkpt lat="60.157012362014235" lon="24.658820110851533"><time>2026-07-10T09:04:04.000Z</time></trkpt>
      <trkpt lat="60.15697000128877" lon="24.658727892572276"><time>2026-07-10T09:04:05.000Z</time></trkpt>
      <trkpt lat="60.15692764056331" lon="24.65863567429302"><time>2026-07-10T09:04:06.000Z</time></trkpt>
      <trkpt lat="60.156885279837844" lon="24.658543456013767"><time>2026-07-10T09:04:07.000Z</time></trkpt>
      <trkpt lat="60.15684291911238" lon="24.65845123773451"><time>2026-07-10T09:04:08.000Z</time></trkpt>
      <trkpt lat="60.15680055838691" lon="24.658359019455254"><time>2026-07-10T09:04:09.000Z</time></trkpt>
      <trkpt lat="60.156758197661446" lon="24.658266801175998"><time>2026-07-10T09:04:10.000Z</time></trkpt>
      <trkpt lat="60.15671583693599" lon="24.658174582896745"><time>2026-07-10T09:04:11.000Z</time></trkpt>
      <trkpt lat="60.15667347621052" lon="24.65808236461749"><time>2026-07-10T09:04:12.000Z</time></trkpt>
      <trkpt lat="60.15663077235982" lon="24.657990795876334"><time>2026-07-10T09:04:13.000Z</time></trkpt>
      <trkpt lat="60.156587523137304" lon="24.657900259527253"><time>2026-07-10T09:04:14.000Z</time></trkpt>
      <trkpt lat="60.15654427391479" lon="24.657809723178172"><time>2026-07-10T09:04:15.000Z</time></trkpt>
      <trkpt lat="60.156501024692275" lon="24.65771918682909"><time>2026-07-10T09:04:16.000Z</time></trkpt>
      <trkpt lat="60.15645777546976" lon="24.65762865048001"><time>2026-07-10T09:04:17.000Z</time></trkpt>
      <trkpt lat="60.15641452624725" lon="24.65753811413093"><time>2026-07-10T09:04:18.000Z</time></trkpt>
      <trkpt lat="60.156371277024725" lon="24.657447577781852"><time>2026-07-10T09:04:19.000Z</time></trkpt>
      <trkpt lat="60.15632802780221" lon="24.65735704143277"><time>2026-07-10T09:04:20.000Z</time></trkpt>
      <trkpt lat="60.156284778579696" lon="24.65726650508369"><time>2026-07-10T09:04:21.000Z</time></trkpt>
      <trkpt lat="60.15624152935718" lon="24.65717596873461"><time>2026-07-10T09:04:22.000Z</time></trkpt>
      <trkpt lat="60.15619808709996" lon="24.65708580999805"><time>2026-07-10T09:04:23.000Z</time></trkpt>
      <trkpt lat="60.156154258888236" lon="24.65699640626176"><time>2026-07-10T09:04:24.000Z</time></trkpt>
      <trkpt lat="60.156110430676506" lon="24.656907002525468"><time>2026-07-10T09:04:25.000Z</time></trkpt>
      <trkpt lat="60.15606660246478" lon="24.656817598789175"><time>2026-07-10T09:04:26.000Z</time></trkpt>
      <trkpt lat="60.15602277425305" lon="24.65672819505288"><time>2026-07-10T09:04:27.000Z</time></trkpt>
      <trkpt lat="60.15597894604133" lon="24.65663879131659"><time>2026-07-10T09:04:28.000Z</time></trkpt>
      <trkpt lat="60.1559351178296" lon="24.6565493875803"><time>2026-07-10T09:04:29.000Z</time></trkpt>
      <trkpt lat="60.15589128961788" lon="24.656459983844005"><time>2026-07-10T09:04:30.000Z</time></trkpt>
      <trkpt lat="60.15584746140615" lon="24.656370580107712"><time>2026-07-10T09:04:31.000Z</time></trkpt>
      <trkpt lat="60.155803633194424" lon="24.65628117637142"><time>2026-07-10T09:04:32.000Z</time></trkpt>
      <trkpt lat="60.15575971271514" lon="24.65619195684694"><time>2026-07-10T09:04:33.000Z</time></trkpt>
      <trkpt lat="60.15571559911829" lon="24.6561031228809"><time>2026-07-10T09:04:34.000Z</time></trkpt>
      <trkpt lat="60.15567148552144" lon="24.65601428891486"><time>2026-07-10T09:04:35.000Z</time></trkpt>
      <trkpt lat="60.155627371924595" lon="24.65592545494882"><time>2026-07-10T09:04:36.000Z</time></trkpt>
      <trkpt lat="60.155583258327745" lon="24.655836620982782"><time>2026-07-10T09:04:37.000Z</time></trkpt>
      <trkpt lat="60.155539144730895" lon="24.655747787016743"><time>2026-07-10T09:04:38.000Z</time></trkpt>
      <trkpt lat="60.155495031134045" lon="24.655658953050704"><time>2026-07-10T09:04:39.000Z</time></trkpt>
      <trkpt lat="60.155450917537195" lon="24.655570119084665"><time>2026-07-10T09:04:40.000Z</time></trkpt>
      <trkpt lat="60.15540680394035" lon="24.655481285118626"><time>2026-07-10T09:04:41.000Z</time></trkpt>
      <trkpt lat="60.1553626903435" lon="24.655392451152586"><time>2026-07-10T09:04:42.000Z</time></trkpt>
      <trkpt lat="60.155318576845765" lon="24.65530361738614"><time>2026-07-10T09:04:43.000Z</time></trkpt>
      <trkpt lat="60.155274463545204" lon="24.655214784016756"><time>2026-07-10T09:04:44.000Z</time></trkpt>
      <trkpt lat="60.15523035024465" lon="24.655125950647374"><time>2026-07-10T09:04:45.000Z</time></trkpt>
      <trkpt lat="60.15518623694409" lon="24.65503711727799"><time>2026-07-10T09:04:46.000Z</time></trkpt>
      <trkpt lat="60.155142123643536" lon="24.654948283908606"><time>2026-07-10T09:04:47.000Z</time></trkpt>
      <trkpt lat="60.155098010342975" lon="24.654859450539224"><time>2026-07-10T09:04:48.000Z</time></trkpt>
      <trkpt lat="60.15505389704242" lon="24.65477061716984"><time>2026-07-10T09:04:49.000Z</time></trkpt>
      <trkpt lat="60.15500978374186" lon="24.65468178380046"><time>2026-07-10T09:04:50.000Z</time></trkpt>
      <trkpt lat="60.1549656704413" lon="24.654592950431077"><time>2026-07-10T09:04:51.000Z</time></trkpt>
      <trkpt lat="60.154921557140746" lon="24.654504117061695"><time>2026-07-10T09:04:52.000Z</time></trkpt>
      <trkpt lat="60.15487754269005" lon="24.65441508717437"><time>2026-07-10T09:04:53.000Z</time></trkpt>
      <trkpt lat="60.154833715371495" lon="24.65432568526003"><time>2026-07-10T09:04:54.000Z</time></trkpt>
      <trkpt lat="60.15478988805294" lon="24.654236283345686"><time>2026-07-10T09:04:55.000Z</time></trkpt>
      <trkpt lat="60.15474606073439" lon="24.65414688143134"><time>2026-07-10T09:04:56.000Z</time></trkpt>
      <trkpt lat="60.15470223341583" lon="24.654057479517"><time>2026-07-10T09:04:57.000Z</time></trkpt>
      <trkpt lat="60.154658406097276" lon="24.653968077602656"><time>2026-07-10T09:04:58.000Z</time></trkpt>
      <trkpt lat="60.15461457877872" lon="24.65387867568831"><time>2026-07-10T09:04:59.000Z</time></trkpt>
      <trkpt lat="60.15457075146016" lon="24.65378927377397"><time>2026-07-10T09:05:00.000Z</time></trkpt>
      <trkpt lat="60.15452692414161" lon="24.653699871859626"><time>2026-07-10T09:05:01.000Z</time></trkpt>
      <trkpt lat="60.15448309682305" lon="24.65361046994528"><time>2026-07-10T09:05:02.000Z</time></trkpt>
      <trkpt lat="60.15443946387621" lon="24.653520688645706"><time>2026-07-10T09:05:03.000Z</time></trkpt>
      <trkpt lat="60.15439621615561" lon="24.653430155440688"><time>2026-07-10T09:05:04.000Z</time></trkpt>
      <trkpt lat="60.15435296843502" lon="24.653339622235674"><time>2026-07-10T09:05:05.000Z</time></trkpt>
      <trkpt lat="60.15430972071442" lon="24.65324908903066"><time>2026-07-10T09:05:06.000Z</time></trkpt>
      <trkpt lat="60.154266472993825" lon="24.65315855582564"><time>2026-07-10T09:05:07.000Z</time></trkpt>
      <trkpt lat="60.154223225273235" lon="24.653068022620626"><time>2026-07-10T09:05:08.000Z</time></trkpt>
      <trkpt lat="60.15417997755264" lon="24.65297748941561"><time>2026-07-10T09:05:09.000Z</time></trkpt>
      <trkpt lat="60.15413672983204" lon="24.652886956210594"><time>2026-07-10T09:05:10.000Z</time></trkpt>
      <trkpt lat="60.15409348211145" lon="24.65279642300558"><time>2026-07-10T09:05:11.000Z</time></trkpt>
      <trkpt lat="60.15405023439085" lon="24.65270588980056"><time>2026-07-10T09:05:12.000Z</time></trkpt>
      <trkpt lat="60.154007237598584" lon="24.652614882340036"><time>2026-07-10T09:05:13.000Z</time></trkpt>
      <trkpt lat="60.153964879" lon="24.652522668690956"><time>2026-07-10T09:05:14.000Z</time></trkpt>
      <trkpt lat="60.15392252040142" lon="24.65243045504188"><time>2026-07-10T09:05:15.000Z</time></trkpt>
      <trkpt lat="60.153880161802846" lon="24.652338241392805"><time>2026-07-10T09:05:16.000Z</time></trkpt>
      <trkpt lat="60.15383780320426" lon="24.652246027743725"><time>2026-07-10T09:05:17.000Z</time></trkpt>
      <trkpt lat="60.153795444605684" lon="24.65215381409465"><time>2026-07-10T09:05:18.000Z</time></trkpt>
      <trkpt lat="60.15375308600711" lon="24.65206160044557"><time>2026-07-10T09:05:19.000Z</time></trkpt>
      <trkpt lat="60.15371072740852" lon="24.651969386796495"><time>2026-07-10T09:05:20.000Z</time></trkpt>
      <trkpt lat="60.153668368809946" lon="24.651877173147415"><time>2026-07-10T09:05:21.000Z</time></trkpt>
      <trkpt lat="60.15362601021137" lon="24.65178495949834"><time>2026-07-10T09:05:22.000Z</time></trkpt>
      <trkpt lat="60.15358385304344" lon="24.65169238221835"><time>2026-07-10T09:05:23.000Z</time></trkpt>
      <trkpt lat="60.15354271705277" lon="24.651597961467107"><time>2026-07-10T09:05:24.000Z</time></trkpt>
      <trkpt lat="60.15350158106211" lon="24.651503540715865"><time>2026-07-10T09:05:25.000Z</time></trkpt>
      <trkpt lat="60.15346044507144" lon="24.65140911996462"><time>2026-07-10T09:05:26.000Z</time></trkpt>
      <trkpt lat="60.153419309080775" lon="24.651314699213376"><time>2026-07-10T09:05:27.000Z</time></trkpt>
      <trkpt lat="60.153378173090104" lon="24.651220278462134"><time>2026-07-10T09:05:28.000Z</time></trkpt>
      <trkpt lat="60.15333703709944" lon="24.65112585771089"><time>2026-07-10T09:05:29.000Z</time></trkpt>
      <trkpt lat="60.15329590110878" lon="24.65103143695965"><time>2026-07-10T09:05:30.000Z</time></trkpt>
      <trkpt lat="60.153254765118106" lon="24.650937016208406"><time>2026-07-10T09:05:31.000Z</time></trkpt>
      <trkpt lat="60.15321362912744" lon="24.650842595457163"><time>2026-07-10T09:05:32.000Z</time></trkpt>
      <trkpt lat="60.15317249313677" lon="24.65074817470592"><time>2026-07-10T09:05:33.000Z</time></trkpt>
      <trkpt lat="60.153132883947386" lon="24.650651158536498"><time>2026-07-10T09:05:34.000Z</time></trkpt>
      <trkpt lat="60.15309333610392" lon="24.650554038084792"><time>2026-07-10T09:05:35.000Z</time></trkpt>
      <trkpt lat="60.15305378826046" lon="24.65045691763309"><time>2026-07-10T09:05:36.000Z</time></trkpt>
      <trkpt lat="60.15301424041699" lon="24.650359797181387"><time>2026-07-10T09:05:37.000Z</time></trkpt>
      <trkpt lat="60.15297469257352" lon="24.650262676729685"><time>2026-07-10T09:05:38.000Z</time></trkpt>
      <trkpt lat="60.15293514473006" lon="24.650165556277983"><time>2026-07-10T09:05:39.000Z</time></trkpt>
      <trkpt lat="60.15289559688659" lon="24.65006843582628"><time>2026-07-10T09:05:40.000Z</time></trkpt>
      <trkpt lat="60.15285604904312" lon="24.64997131537458"><time>2026-07-10T09:05:41.000Z</time></trkpt>
      <trkpt lat="60.15281650119966" lon="24.649874194922873"><time>2026-07-10T09:05:42.000Z</time></trkpt>
      <trkpt lat="60.15277695335619" lon="24.64977707447117"><time>2026-07-10T09:05:43.000Z</time></trkpt>
      <trkpt lat="60.152738702217626" lon="24.649677909869766"><time>2026-07-10T09:05:44.000Z</time></trkpt>
      <trkpt lat="60.15270114810128" lon="24.649577646469584"><time>2026-07-10T09:05:45.000Z</time></trkpt>
      <trkpt lat="60.15266359398493" lon="24.649477383069403"><time>2026-07-10T09:05:46.000Z</time></trkpt>
      <trkpt lat="60.152626039868586" lon="24.64937711966922"><time>2026-07-10T09:05:47.000Z</time></trkpt>
      <trkpt lat="60.15258848575225" lon="24.64927685626904"><time>2026-07-10T09:05:48.000Z</time></trkpt>
      <trkpt lat="60.1525509316359" lon="24.64917659286886"><time>2026-07-10T09:05:49.000Z</time></trkpt>
      <trkpt lat="60.152513377519554" lon="24.649076329468677"><time>2026-07-10T09:05:50.000Z</time></trkpt>
      <trkpt lat="60.15247582340321" lon="24.648976066068496"><time>2026-07-10T09:05:51.000Z</time></trkpt>
      <trkpt lat="60.15243826928686" lon="24.648875802668314"><time>2026-07-10T09:05:52.000Z</time></trkpt>
      <trkpt lat="60.152400715170515" lon="24.648775539268133"><time>2026-07-10T09:05:53.000Z</time></trkpt>
      <trkpt lat="60.1523636751004" lon="24.6486745370973"><time>2026-07-10T09:05:54.000Z</time></trkpt>
      <trkpt lat="60.15232856791349" lon="24.648570757049107"><time>2026-07-10T09:05:55.000Z</time></trkpt>
      <trkpt lat="60.15229346072658" lon="24.64846697700091"><time>2026-07-10T09:05:56.000Z</time></trkpt>
      <trkpt lat="60.15225835353967" lon="24.64836319695272"><time>2026-07-10T09:05:57.000Z</time></trkpt>
      <trkpt lat="60.15222324635276" lon="24.648259416904523"><time>2026-07-10T09:05:58.000Z</time></trkpt>
      <trkpt lat="60.15218813916586" lon="24.64815563685633"><time>2026-07-10T09:05:59.000Z</time></trkpt>
      <trkpt lat="60.15215303197895" lon="24.648051856808138"><time>2026-07-10T09:06:00.000Z</time></trkpt>
      <trkpt lat="60.15211792479204" lon="24.647948076759942"><time>2026-07-10T09:06:01.000Z</time></trkpt>
      <trkpt lat="60.15208281760513" lon="24.64784429671175"><time>2026-07-10T09:06:02.000Z</time></trkpt>
      <trkpt lat="60.152047710418216" lon="24.647740516663553"><time>2026-07-10T09:06:03.000Z</time></trkpt>
      <trkpt lat="60.15201260323131" lon="24.64763673661536"><time>2026-07-10T09:06:04.000Z</time></trkpt>
      <trkpt lat="60.1519793240074" lon="24.647530608859512"><time>2026-07-10T09:06:05.000Z</time></trkpt>
      <trkpt lat="60.15194717121918" lon="24.64742303438854"><time>2026-07-10T09:06:06.000Z</time></trkpt>
      <trkpt lat="60.15191501843096" lon="24.64731545991757"><time>2026-07-10T09:06:07.000Z</time></trkpt>
      <trkpt lat="60.15188286564274" lon="24.6472078854466"><time>2026-07-10T09:06:08.000Z</time></trkpt>
      <trkpt lat="60.151850712854525" lon="24.64710031097563"><time>2026-07-10T09:06:09.000Z</time></trkpt>
      <trkpt lat="60.15181856006631" lon="24.64699273650466"><time>2026-07-10T09:06:10.000Z</time></trkpt>
      <trkpt lat="60.15178640727809" lon="24.64688516203369"><time>2026-07-10T09:06:11.000Z</time></trkpt>
      <trkpt lat="60.15175425448987" lon="24.64677758756272"><time>2026-07-10T09:06:12.000Z</time></trkpt>
      <trkpt lat="60.15172210170166" lon="24.64667001309175"><time>2026-07-10T09:06:13.000Z</time></trkpt>
      <trkpt lat="60.151689948913436" lon="24.64656243862078"><time>2026-07-10T09:06:14.000Z</time></trkpt>
      <trkpt lat="60.15165779612522" lon="24.64645486414981"><time>2026-07-10T09:06:15.000Z</time></trkpt>
      <trkpt lat="60.151628653129684" lon="24.64634391961562"><time>2026-07-10T09:06:16.000Z</time></trkpt>
      <trkpt lat="60.151600021332236" lon="24.646232402693215"><time>2026-07-10T09:06:17.000Z</time></trkpt>
      <trkpt lat="60.151571389534794" lon="24.64612088577081"><time>2026-07-10T09:06:18.000Z</time></trkpt>
      <trkpt lat="60.151542757737346" lon="24.646009368848404"><time>2026-07-10T09:06:19.000Z</time></trkpt>
      <trkpt lat="60.1515141259399" lon="24.645897851925998"><time>2026-07-10T09:06:20.000Z</time></trkpt>
      <trkpt lat="60.15148549414245" lon="24.64578633500359"><time>2026-07-10T09:06:21.000Z</time></trkpt>
      <trkpt lat="60.151456862345" lon="24.645674818081183"><time>2026-07-10T09:06:22.000Z</time></trkpt>
      <trkpt lat="60.15142823054755" lon="24.645563301158777"><time>2026-07-10T09:06:23.000Z</time></trkpt>
      <trkpt lat="60.1513995987501" lon="24.64545178423637"><time>2026-07-10T09:06:24.000Z</time></trkpt>
      <trkpt lat="60.151370966952655" lon="24.645340267313966"><time>2026-07-10T09:06:25.000Z</time></trkpt>
      <trkpt lat="60.151342335155206" lon="24.64522875039156"><time>2026-07-10T09:06:26.000Z</time></trkpt>
      <trkpt lat="60.1513174255365" lon="24.645113717746835"><time>2026-07-10T09:06:27.000Z</time></trkpt>
      <trkpt lat="60.15129294223892" lon="24.64499828242753"><time>2026-07-10T09:06:28.000Z</time></trkpt>
      <trkpt lat="60.151268458941345" lon="24.644882847108228"><time>2026-07-10T09:06:29.000Z</time></trkpt>
      <trkpt lat="60.151243975643766" lon="24.644767411788926"><time>2026-07-10T09:06:30.000Z</time></trkpt>
      <trkpt lat="60.15121949234619" lon="24.64465197646962"><time>2026-07-10T09:06:31.000Z</time></trkpt>
      <trkpt lat="60.15119500904862" lon="24.64453654115032"><time>2026-07-10T09:06:32.000Z</time></trkpt>
      <trkpt lat="60.15117052575104" lon="24.644421105831018"><time>2026-07-10T09:06:33.000Z</time></trkpt>
      <trkpt lat="60.15114604245347" lon="24.644305670511713"><time>2026-07-10T09:06:34.000Z</time></trkpt>
      <trkpt lat="60.15112155915589" lon="24.64419023519241"><time>2026-07-10T09:06:35.000Z</time></trkpt>
      <trkpt lat="60.15109707585832" lon="24.64407479987311"><time>2026-07-10T09:06:36.000Z</time></trkpt>
      <trkpt lat="60.15107259256074" lon="24.643959364553805"><time>2026-07-10T09:06:37.000Z</time></trkpt>
      <trkpt lat="60.15105161685205" lon="24.643841265543852"><time>2026-07-10T09:06:38.000Z</time></trkpt>
      <trkpt lat="60.15103196741931" lon="24.643722159349487"><time>2026-07-10T09:06:39.000Z</time></trkpt>
      <trkpt lat="60.15101231798657" lon="24.64360305315512"><time>2026-07-10T09:06:40.000Z</time></trkpt>
      <trkpt lat="60.15099266855383" lon="24.64348394696075"><time>2026-07-10T09:06:41.000Z</time></trkpt>
      <trkpt lat="60.15097301912109" lon="24.643364840766385"><time>2026-07-10T09:06:42.000Z</time></trkpt>
      <trkpt lat="60.15095336968835" lon="24.643245734572016"><time>2026-07-10T09:06:43.000Z</time></trkpt>
      <trkpt lat="60.150933720255615" lon="24.64312662837765"><time>2026-07-10T09:06:44.000Z</time></trkpt>
      <trkpt lat="60.15091407082287" lon="24.643007522183282"><time>2026-07-10T09:06:45.000Z</time></trkpt>
      <trkpt lat="60.150894421390134" lon="24.642888415988917"><time>2026-07-10T09:06:46.000Z</time></trkpt>
      <trkpt lat="60.15087477195739" lon="24.64276930979455"><time>2026-07-10T09:06:47.000Z</time></trkpt>
      <trkpt lat="60.15085512252465" lon="24.642650203600184"><time>2026-07-10T09:06:48.000Z</time></trkpt>
      <trkpt lat="60.15083725915404" lon="24.64253008995793"><time>2026-07-10T09:06:49.000Z</time></trkpt>
      <trkpt lat="60.15082317651502" lon="24.642407843752647"><time>2026-07-10T09:06:50.000Z</time></trkpt>
      <trkpt lat="60.15080909387599" lon="24.642285597547364"><time>2026-07-10T09:06:51.000Z</time></trkpt>
      <trkpt lat="60.15079501123697" lon="24.64216335134208"><time>2026-07-10T09:06:52.000Z</time></trkpt>
      <trkpt lat="60.15078092859795" lon="24.642041105136798"><time>2026-07-10T09:06:53.000Z</time></trkpt>
      <trkpt lat="60.15076684595893" lon="24.641918858931515"><time>2026-07-10T09:06:54.000Z</time></trkpt>
      <trkpt lat="60.15075276331991" lon="24.641796612726232"><time>2026-07-10T09:06:55.000Z</time></trkpt>
      <trkpt lat="60.15073868068088" lon="24.64167436652095"><time>2026-07-10T09:06:56.000Z</time></trkpt>
      <trkpt lat="60.15072459804186" lon="24.641552120315666"><time>2026-07-10T09:06:57.000Z</time></trkpt>
      <trkpt lat="60.15071051540284" lon="24.641429874110383"><time>2026-07-10T09:06:58.000Z</time></trkpt>
      <trkpt lat="60.150696432763816" lon="24.6413076279051"><time>2026-07-10T09:06:59.000Z</time></trkpt>
      <trkpt lat="60.1506823501248" lon="24.641185381699817"><time>2026-07-10T09:07:00.000Z</time></trkpt>
      <trkpt lat="60.15067247825136" lon="24.64106163146031"><time>2026-07-10T09:07:01.000Z</time></trkpt>
      <trkpt lat="60.15066472245977" lon="24.64093712538212"><time>2026-07-10T09:07:02.000Z</time></trkpt>
      <trkpt lat="60.150656966668194" lon="24.64081261930393"><time>2026-07-10T09:07:03.000Z</time></trkpt>
      <trkpt lat="60.15064921087661" lon="24.640688113225735"><time>2026-07-10T09:07:04.000Z</time></trkpt>
      <trkpt lat="60.15064145508503" lon="24.640563607147545"><time>2026-07-10T09:07:05.000Z</time></trkpt>
      <trkpt lat="60.150633699293444" lon="24.640439101069354"><time>2026-07-10T09:07:06.000Z</time></trkpt>
      <trkpt lat="60.15062594350186" lon="24.64031459499116"><time>2026-07-10T09:07:07.000Z</time></trkpt>
      <trkpt lat="60.15061818771028" lon="24.64019008891297"><time>2026-07-10T09:07:08.000Z</time></trkpt>
      <trkpt lat="60.15061043191869" lon="24.64006558283478"><time>2026-07-10T09:07:09.000Z</time></trkpt>
      <trkpt lat="60.150602676127114" lon="24.639941076756585"><time>2026-07-10T09:07:10.000Z</time></trkpt>
      <trkpt lat="60.15059492033553" lon="24.639816570678395"><time>2026-07-10T09:07:11.000Z</time></trkpt>
      <trkpt lat="60.15058716454395" lon="24.639692064600204"><time>2026-07-10T09:07:12.000Z</time></trkpt>
      <trkpt lat="60.15058468330169" lon="24.639566840521212"><time>2026-07-10T09:07:13.000Z</time></trkpt>
      <trkpt lat="60.1505840077363" lon="24.63944137064351"><time>2026-07-10T09:07:14.000Z</time></trkpt>
      <trkpt lat="60.15058333217091" lon="24.639315900765805"><time>2026-07-10T09:07:15.000Z</time></trkpt>
      <trkpt lat="60.15058265660552" lon="24.6391904308881"><time>2026-07-10T09:07:16.000Z</time></trkpt>
      <trkpt lat="60.15058198104014" lon="24.639064961010398"><time>2026-07-10T09:07:17.000Z</time></trkpt>
      <trkpt lat="60.15058130547475" lon="24.638939491132692"><time>2026-07-10T09:07:18.000Z</time></trkpt>
      <trkpt lat="60.15058062990936" lon="24.63881402125499"><time>2026-07-10T09:07:19.000Z</time></trkpt>
      <trkpt lat="60.150579954343975" lon="24.638688551377285"><time>2026-07-10T09:07:20.000Z</time></trkpt>
      <trkpt lat="60.15057927877859" lon="24.638563081499584"><time>2026-07-10T09:07:21.000Z</time></trkpt>
      <trkpt lat="60.1505786032132" lon="24.638437611621878"><time>2026-07-10T09:07:22.000Z</time></trkpt>
      <trkpt lat="60.15057792764781" lon="24.638312141744173"><time>2026-07-10T09:07:23.000Z</time></trkpt>
      <trkpt lat="60.15057725208242" lon="24.63818667186647"><time>2026-07-10T09:07:24.000Z</time></trkpt>
      <trkpt lat="60.150580837525716" lon="24.638061643768378"><time>2026-07-10T09:07:25.000Z</time></trkpt>
      <trkpt lat="60.15058793879846" lon="24.63793698019002"><time>2026-07-10T09:07:26.000Z</time></trkpt>
      <trkpt lat="60.1505950400712" lon="24.63781231661166"><time>2026-07-10T09:07:27.000Z</time></trkpt>
      <trkpt lat="60.15060214134395" lon="24.637687653033304"><time>2026-07-10T09:07:28.000Z</time></trkpt>
      <trkpt lat="60.150609242616696" lon="24.637562989454945"><time>2026-07-10T09:07:29.000Z</time></trkpt>
      <trkpt lat="60.15061634388944" lon="24.637438325876587"><time>2026-07-10T09:07:30.000Z</time></trkpt>
      <trkpt lat="60.15062344516218" lon="24.63731366229823"><time>2026-07-10T09:07:31.000Z</time></trkpt>
      <trkpt lat="60.150630546434925" lon="24.637188998719875"><time>2026-07-10T09:07:32.000Z</time></trkpt>
      <trkpt lat="60.15063764770767" lon="24.637064335141517"><time>2026-07-10T09:07:33.000Z</time></trkpt>
      <trkpt lat="60.15064474898041" lon="24.63693967156316"><time>2026-07-10T09:07:34.000Z</time></trkpt>
      <trkpt lat="60.150651850253155" lon="24.6368150079848"><time>2026-07-10T09:07:35.000Z</time></trkpt>
      <trkpt lat="60.1506589515259" lon="24.636690344406443"><time>2026-07-10T09:07:36.000Z</time></trkpt>
      <trkpt lat="60.15066661859018" lon="24.636565889959662"><time>2026-07-10T09:07:37.000Z</time></trkpt>
      <trkpt lat="60.15068206855899" lon="24.63644431228107"><time>2026-07-10T09:07:38.000Z</time></trkpt>
      <trkpt lat="60.1506975185278" lon="24.63632273460248"><time>2026-07-10T09:07:39.000Z</time></trkpt>
      <trkpt lat="60.150712968496606" lon="24.636201156923892"><time>2026-07-10T09:07:40.000Z</time></trkpt>
      <trkpt lat="60.15072841846542" lon="24.6360795792453"><time>2026-07-10T09:07:41.000Z</time></trkpt>
      <trkpt lat="60.150743868434226" lon="24.63595800156671"><time>2026-07-10T09:07:42.000Z</time></trkpt>
      <trkpt lat="60.15075931840304" lon="24.635836423888122"><time>2026-07-10T09:07:43.000Z</time></trkpt>
      <trkpt lat="60.150774768371846" lon="24.63571484620953"><time>2026-07-10T09:07:44.000Z</time></trkpt>
      <trkpt lat="60.15079021834065" lon="24.63559326853094"><time>2026-07-10T09:07:45.000Z</time></trkpt>
      <trkpt lat="60.15080566830947" lon="24.635471690852352"><time>2026-07-10T09:07:46.000Z</time></trkpt>
      <trkpt lat="60.15082111827827" lon="24.63535011317376"><time>2026-07-10T09:07:47.000Z</time></trkpt>
      <trkpt lat="60.15083656824709" lon="24.63522853549517"><time>2026-07-10T09:07:48.000Z</time></trkpt>
      <trkpt lat="60.15085201821589" lon="24.635106957816582"><time>2026-07-10T09:07:49.000Z</time></trkpt>
      <trkpt lat="60.15087011460151" lon="24.634987163210486"><time>2026-07-10T09:07:50.000Z</time></trkpt>
      <trkpt lat="60.15089427576289" lon="24.634871454859745"><time>2026-07-10T09:07:51.000Z</time></trkpt>
      <trkpt lat="60.15091843692427" lon="24.634755746509004"><time>2026-07-10T09:07:52.000Z</time></trkpt>
      <trkpt lat="60.15094259808565" lon="24.634640038158263"><time>2026-07-10T09:07:53.000Z</time></trkpt>
      <trkpt lat="60.15096675924703" lon="24.634524329807522"><time>2026-07-10T09:07:54.000Z</time></trkpt>
      <trkpt lat="60.150990920408404" lon="24.634408621456778"><time>2026-07-10T09:07:55.000Z</time></trkpt>
      <trkpt lat="60.15101508156978" lon="24.634292913106037"><time>2026-07-10T09:07:56.000Z</time></trkpt>
      <trkpt lat="60.151039242731166" lon="24.634177204755296"><time>2026-07-10T09:07:57.000Z</time></trkpt>
      <trkpt lat="60.15106340389254" lon="24.634061496404556"><time>2026-07-10T09:07:58.000Z</time></trkpt>
      <trkpt lat="60.15108756505392" lon="24.633945788053815"><time>2026-07-10T09:07:59.000Z</time></trkpt>
      <trkpt lat="60.1511117262153" lon="24.633830079703074"><time>2026-07-10T09:08:00.000Z</time></trkpt>
      <trkpt lat="60.151135887376675" lon="24.633714371352333"><time>2026-07-10T09:08:01.000Z</time></trkpt>
      <trkpt lat="60.15116004853806" lon="24.633598663001592"><time>2026-07-10T09:08:02.000Z</time></trkpt>
      <trkpt lat="60.15118650987561" lon="24.633485338725418"><time>2026-07-10T09:08:03.000Z</time></trkpt>
      <trkpt lat="60.15121944013756" lon="24.63337871932617"><time>2026-07-10T09:08:04.000Z</time></trkpt>
      <trkpt lat="60.151252370399504" lon="24.633272099926923"><time>2026-07-10T09:08:05.000Z</time></trkpt>
      <trkpt lat="60.151285300661456" lon="24.633165480527676"><time>2026-07-10T09:08:06.000Z</time></trkpt>
      <trkpt lat="60.1513182309234" lon="24.633058861128433"><time>2026-07-10T09:08:07.000Z</time></trkpt>
      <trkpt lat="60.15135116118535" lon="24.632952241729186"><time>2026-07-10T09:08:08.000Z</time></trkpt>
      <trkpt lat="60.1513840914473" lon="24.63284562232994"><time>2026-07-10T09:08:09.000Z</time></trkpt>
      <trkpt lat="60.15141702170925" lon="24.63273900293069"><time>2026-07-10T09:08:10.000Z</time></trkpt>
      <trkpt lat="60.151449951971195" lon="24.632632383531444"><time>2026-07-10T09:08:11.000Z</time></trkpt>
      <trkpt lat="60.15148288223315" lon="24.632525764132197"><time>2026-07-10T09:08:12.000Z</time></trkpt>
      <trkpt lat="60.15151581249509" lon="24.63241914473295"><time>2026-07-10T09:08:13.000Z</time></trkpt>
      <trkpt lat="60.15154874275704" lon="24.632312525333703"><time>2026-07-10T09:08:14.000Z</time></trkpt>
      <trkpt lat="60.15158167301899" lon="24.63220590593446"><time>2026-07-10T09:08:15.000Z</time></trkpt>
      <trkpt lat="60.15161460328094" lon="24.63209928653521"><time>2026-07-10T09:08:16.000Z</time></trkpt>
      <trkpt lat="60.15165560679078" lon="24.632004732906037"><time>2026-07-10T09:08:17.000Z</time></trkpt>
      <trkpt lat="60.15169696586275" lon="24.6319107106777"><time>2026-07-10T09:08:18.000Z</time></trkpt>
      <trkpt lat="60.151738324934705" lon="24.631816688449366"><time>2026-07-10T09:08:19.000Z</time></trkpt>
      <trkpt lat="60.15177968400666" lon="24.63172266622103"><time>2026-07-10T09:08:20.000Z</time></trkpt>
      <trkpt lat="60.15182104307862" lon="24.63162864399269"><time>2026-07-10T09:08:21.000Z</time></trkpt>
      <trkpt lat="60.151862402150584" lon="24.631534621764356"><time>2026-07-10T09:08:22.000Z</time></trkpt>
      <trkpt lat="60.15190376122254" lon="24.63144059953602"><time>2026-07-10T09:08:23.000Z</time></trkpt>
      <trkpt lat="60.1519451202945" lon="24.631346577307685"><time>2026-07-10T09:08:24.000Z</time></trkpt>
      <trkpt lat="60.151986479366464" lon="24.63125255507935"><time>2026-07-10T09:08:25.000Z</time></trkpt>
      <trkpt lat="60.15202783843842" lon="24.631158532851014"><time>2026-07-10T09:08:26.000Z</time></trkpt>
      <trkpt lat="60.15206919751038" lon="24.63106451062268"><time>2026-07-10T09:08:27.000Z</time></trkpt>
      <trkpt lat="60.15211055658234" lon="24.630970488394343"><time>2026-07-10T09:08:28.000Z</time></trkpt>
      <trkpt lat="60.1521519156543" lon="24.630876466166008"><time>2026-07-10T09:08:29.000Z</time></trkpt>
      <trkpt lat="60.15219642717458" lon="24.63078913184661"><time>2026-07-10T09:08:30.000Z</time></trkpt>
      <trkpt lat="60.152245403106946" lon="24.63071126876306"><time>2026-07-10T09:08:31.000Z</time></trkpt>
      <trkpt lat="60.15229437903932" lon="24.630633405679514"><time>2026-07-10T09:08:32.000Z</time></trkpt>
      <trkpt lat="60.15234335497169" lon="24.630555542595967"><time>2026-07-10T09:08:33.000Z</time></trkpt>
      <trkpt lat="60.15239233090406" lon="24.630477679512424"><time>2026-07-10T09:08:34.000Z</time></trkpt>
      <trkpt lat="60.15244130683643" lon="24.630399816428877"><time>2026-07-10T09:08:35.000Z</time></trkpt>
      <trkpt lat="60.152490282768795" lon="24.63032195334533"><time>2026-07-10T09:08:36.000Z</time></trkpt>
      <trkpt lat="60.15253925870117" lon="24.630244090261783"><time>2026-07-10T09:08:37.000Z</time></trkpt>
      <trkpt lat="60.15258823463354" lon="24.630166227178236"><time>2026-07-10T09:08:38.000Z</time></trkpt>
      <trkpt lat="60.152637210565906" lon="24.63008836409469"><time>2026-07-10T09:08:39.000Z</time></trkpt>
      <trkpt lat="60.15268618649828" lon="24.630010501011146"><time>2026-07-10T09:08:40.000Z</time></trkpt>
      <trkpt lat="60.152735162430645" lon="24.6299326379276"><time>2026-07-10T09:08:41.000Z</time></trkpt>
      <trkpt lat="60.15278413836302" lon="24.629854774844052"><time>2026-07-10T09:08:42.000Z</time></trkpt>
      <trkpt lat="60.15283311429539" lon="24.629776911760505"><time>2026-07-10T09:08:43.000Z</time></trkpt>
      <trkpt lat="60.15288627113945" lon="24.629711962193188"><time>2026-07-10T09:08:44.000Z</time></trkpt>
      <trkpt lat="60.15294154917042" lon="24.629653564302508"><time>2026-07-10T09:08:45.000Z</time></trkpt>
      <trkpt lat="60.15299682720139" lon="24.62959516641183"><time>2026-07-10T09:08:46.000Z</time></trkpt>
      <trkpt lat="60.15305210523236" lon="24.62953676852115"><time>2026-07-10T09:08:47.000Z</time></trkpt>
      <trkpt lat="60.15310738326333" lon="24.62947837063047"><time>2026-07-10T09:08:48.000Z</time></trkpt>
      <trkpt lat="60.1531626612943" lon="24.62941997273979"><time>2026-07-10T09:08:49.000Z</time></trkpt>
      <trkpt lat="60.15321793932527" lon="24.62936157484911"><time>2026-07-10T09:08:50.000Z</time></trkpt>
      <trkpt lat="60.153273217356244" lon="24.62930317695843"><time>2026-07-10T09:08:51.000Z</time></trkpt>
      <trkpt lat="60.15332849538721" lon="24.62924477906775"><time>2026-07-10T09:08:52.000Z</time></trkpt>
      <trkpt lat="60.15338377341818" lon="24.62918638117707"><time>2026-07-10T09:08:53.000Z</time></trkpt>
      <trkpt lat="60.15343905144915" lon="24.62912798328639"><time>2026-07-10T09:08:54.000Z</time></trkpt>
      <trkpt lat="60.15349432948012" lon="24.629069585395712"><time>2026-07-10T09:08:55.000Z</time></trkpt>
      <trkpt lat="60.15354960751109" lon="24.629011187505032"><time>2026-07-10T09:08:56.000Z</time></trkpt>
      <trkpt lat="60.15360488554206" lon="24.628952789614356"><time>2026-07-10T09:08:57.000Z</time></trkpt>
      <trkpt lat="60.153663542931454" lon="24.628910982586625"><time>2026-07-10T09:08:58.000Z</time></trkpt>
      <trkpt lat="60.15372333643869" lon="24.628874753296742"><time>2026-07-10T09:08:59.000Z</time></trkpt>
      <trkpt lat="60.15378312994592" lon="24.628838524006856"><time>2026-07-10T09:09:00.000Z</time></trkpt>
      <trkpt lat="60.15384292345316" lon="24.62880229471697"><time>2026-07-10T09:09:01.000Z</time></trkpt>
      <trkpt lat="60.153902716960395" lon="24.628766065427083"><time>2026-07-10T09:09:02.000Z</time></trkpt>
      <trkpt lat="60.15396251046763" lon="24.6287298361372"><time>2026-07-10T09:09:03.000Z</time></trkpt>
      <trkpt lat="60.15402230397486" lon="24.628693606847314"><time>2026-07-10T09:09:04.000Z</time></trkpt>
      <trkpt lat="60.154082097482096" lon="24.628657377557428"><time>2026-07-10T09:09:05.000Z</time></trkpt>
      <trkpt lat="60.15414189098934" lon="24.62862114826754"><time>2026-07-10T09:09:06.000Z</time></trkpt>
      <trkpt lat="60.15420168449657" lon="24.62858491897766"><time>2026-07-10T09:09:07.000Z</time></trkpt>
      <trkpt lat="60.154261478003804" lon="24.628548689687772"><time>2026-07-10T09:09:08.000Z</time></trkpt>
      <trkpt lat="60.15432127151104" lon="24.628512460397886"><time>2026-07-10T09:09:09.000Z</time></trkpt>
      <trkpt lat="60.15438106501827" lon="24.628476231108"><time>2026-07-10T09:09:10.000Z</time></trkpt>
      <trkpt lat="60.15444085852551" lon="24.628440001818117"><time>2026-07-10T09:09:11.000Z</time></trkpt>
      <trkpt lat="60.15450234766436" lon="24.628420981738543"><time>2026-07-10T09:09:12.000Z</time></trkpt>
      <trkpt lat="60.15456450058692" lon="24.62840869849569"><time>2026-07-10T09:09:13.000Z</time></trkpt>
      <trkpt lat="60.15462665350948" lon="24.62839641525284"><time>2026-07-10T09:09:14.000Z</time></trkpt>
      <trkpt lat="60.15468880643204" lon="24.628384132009987"><time>2026-07-10T09:09:15.000Z</time></trkpt>
      <trkpt lat="60.1547509593546" lon="24.628371848767134"><time>2026-07-10T09:09:16.000Z</time></trkpt>
      <trkpt lat="60.15481311227716" lon="24.628359565524285"><time>2026-07-10T09:09:17.000Z</time></trkpt>
      <trkpt lat="60.15487526519973" lon="24.62834728228143"><time>2026-07-10T09:09:18.000Z</time></trkpt>
      <trkpt lat="60.15493741812229" lon="24.62833499903858"><time>2026-07-10T09:09:19.000Z</time></trkpt>
      <trkpt lat="60.15499957104485" lon="24.62832271579573"><time>2026-07-10T09:09:20.000Z</time></trkpt>
      <trkpt lat="60.15506172396741" lon="24.628310432552876"><time>2026-07-10T09:09:21.000Z</time></trkpt>
      <trkpt lat="60.15512387688997" lon="24.628298149310027"><time>2026-07-10T09:09:22.000Z</time></trkpt>
      <trkpt lat="60.155186029812526" lon="24.628285866067174"><time>2026-07-10T09:09:23.000Z</time></trkpt>
      <trkpt lat="60.155248182735086" lon="24.62827358282432"><time>2026-07-10T09:09:24.000Z</time></trkpt>
      <trkpt lat="60.155310335657646" lon="24.62826129958147"><time>2026-07-10T09:09:25.000Z</time></trkpt>
      <trkpt lat="60.155372488590196" lon="24.62826449279404"><time>2026-07-10T09:09:26.000Z</time></trkpt>
      <trkpt lat="60.155434641528615" lon="24.62827677604003"><time>2026-07-10T09:09:27.000Z</time></trkpt>
      <trkpt lat="60.15549679446704" lon="24.628289059286015"><time>2026-07-10T09:09:28.000Z</time></trkpt>
      <trkpt lat="60.15555894740546" lon="24.628301342532"><time>2026-07-10T09:09:29.000Z</time></trkpt>
      <trkpt lat="60.15562110034388" lon="24.628313625777988"><time>2026-07-10T09:09:30.000Z</time></trkpt>
      <trkpt lat="60.155683253282305" lon="24.628325909023975"><time>2026-07-10T09:09:31.000Z</time></trkpt>
      <trkpt lat="60.155745406220724" lon="24.62833819226996"><time>2026-07-10T09:09:32.000Z</time></trkpt>
      <trkpt lat="60.15580755915914" lon="24.628350475515948"><time>2026-07-10T09:09:33.000Z</time></trkpt>
      <trkpt lat="60.15586971209756" lon="24.628362758761934"><time>2026-07-10T09:09:34.000Z</time></trkpt>
      <trkpt lat="60.15593186503599" lon="24.628375042007917"><time>2026-07-10T09:09:35.000Z</time></trkpt>
      <trkpt lat="60.15599401797441" lon="24.628387325253904"><time>2026-07-10T09:09:36.000Z</time></trkpt>
      <trkpt lat="60.15605617091283" lon="24.62839960849989"><time>2026-07-10T09:09:37.000Z</time></trkpt>
      <trkpt lat="60.156118323851246" lon="24.628411891745877"><time>2026-07-10T09:09:38.000Z</time></trkpt>
      <trkpt lat="60.15618047678967" lon="24.628424174991864"><time>2026-07-10T09:09:39.000Z</time></trkpt>
      <trkpt lat="60.15624135277496" lon="24.62844942041674"><time>2026-07-10T09:09:40.000Z</time></trkpt>
      <trkpt lat="60.156301146674856" lon="24.62848564994454"><time>2026-07-10T09:09:41.000Z</time></trkpt>
      <trkpt lat="60.15636094057476" lon="24.62852187947234"><time>2026-07-10T09:09:42.000Z</time></trkpt>
      <trkpt lat="60.15642073447465" lon="24.628558109000142"><time>2026-07-10T09:09:43.000Z</time></trkpt>
      <trkpt lat="60.156480528374544" lon="24.628594338527943"><time>2026-07-10T09:09:44.000Z</time></trkpt>
      <trkpt lat="60.15654032227444" lon="24.62863056805574"><time>2026-07-10T09:09:45.000Z</time></trkpt>
      <trkpt lat="60.15660011617433" lon="24.62866679758354"><time>2026-07-10T09:09:46.000Z</time></trkpt>
      <trkpt lat="60.156659910074225" lon="24.628703027111342"><time>2026-07-10T09:09:47.000Z</time></trkpt>
      <trkpt lat="60.15671970397412" lon="24.628739256639143"><time>2026-07-10T09:09:48.000Z</time></trkpt>
      <trkpt lat="60.15677949787401" lon="24.628775486166944"><time>2026-07-10T09:09:49.000Z</time></trkpt>
      <trkpt lat="60.156839291773906" lon="24.628811715694745"><time>2026-07-10T09:09:50.000Z</time></trkpt>
      <trkpt lat="60.15689908567381" lon="24.628847945222546"><time>2026-07-10T09:09:51.000Z</time></trkpt>
      <trkpt lat="60.1569588795737" lon="24.628884174750343"><time>2026-07-10T09:09:52.000Z</time></trkpt>
      <trkpt lat="60.157018673473594" lon="24.628920404278144"><time>2026-07-10T09:09:53.000Z</time></trkpt>
      <trkpt lat="60.15707615753988" lon="24.62896797742611"><time>2026-07-10T09:09:54.000Z</time></trkpt>
      <trkpt lat="60.15713143709962" lon="24.62902637693184"><time>2026-07-10T09:09:55.000Z</time></trkpt>
      <trkpt lat="60.15718671665936" lon="24.629084776437573"><time>2026-07-10T09:09:56.000Z</time></trkpt>
      <trkpt lat="60.1572419962191" lon="24.6291431759433"><time>2026-07-10T09:09:57.000Z</time></trkpt>
      <trkpt lat="60.15729727577884" lon="24.629201575449034"><time>2026-07-10T09:09:58.000Z</time></trkpt>
      <trkpt lat="60.157352555338576" lon="24.629259974954763"><time>2026-07-10T09:09:59.000Z</time></trkpt>
      <trkpt lat="60.15740783489831" lon="24.629318374460496"><time>2026-07-10T09:10:00.000Z</time></trkpt>
      <trkpt lat="60.15746311445805" lon="24.629376773966225"><time>2026-07-10T09:10:01.000Z</time></trkpt>
      <trkpt lat="60.157518394017785" lon="24.629435173471958"><time>2026-07-10T09:10:02.000Z</time></trkpt>
      <trkpt lat="60.157573673577524" lon="24.629493572977687"><time>2026-07-10T09:10:03.000Z</time></trkpt>
      <trkpt lat="60.15762895313726" lon="24.629551972483416"><time>2026-07-10T09:10:04.000Z</time></trkpt>
      <trkpt lat="60.157684232697" lon="24.62961037198915"><time>2026-07-10T09:10:05.000Z</time></trkpt>
      <trkpt lat="60.15773951225674" lon="24.629668771494877"><time>2026-07-10T09:10:06.000Z</time></trkpt>
      <trkpt lat="60.15779479181648" lon="24.62972717100061"><time>2026-07-10T09:10:07.000Z</time></trkpt>
      <trkpt lat="60.15784630985611" lon="24.6297971939085"><time>2026-07-10T09:10:08.000Z</time></trkpt>
      <trkpt lat="60.157895289024" lon="24.629875062135955"><time>2026-07-10T09:10:09.000Z</time></trkpt>
      <trkpt lat="60.15794426819189" lon="24.62995293036341"><time>2026-07-10T09:10:10.000Z</time></trkpt>
      <trkpt lat="60.157993247359784" lon="24.630030798590862"><time>2026-07-10T09:10:11.000Z</time></trkpt>
      <trkpt lat="60.15804222652768" lon="24.630108666818316"><time>2026-07-10T09:10:12.000Z</time></trkpt>
      <trkpt lat="60.15809120569556" lon="24.63018653504577"><time>2026-07-10T09:10:13.000Z</time></trkpt>
      <trkpt lat="60.158140184863456" lon="24.630264403273223"><time>2026-07-10T09:10:14.000Z</time></trkpt>
      <trkpt lat="60.15818916403135" lon="24.630342271500677"><time>2026-07-10T09:10:15.000Z</time></trkpt>
      <trkpt lat="60.158238143199235" lon="24.630420139728127"><time>2026-07-10T09:10:16.000Z</time></trkpt>
      <trkpt lat="60.15828712236713" lon="24.63049800795558"><time>2026-07-10T09:10:17.000Z</time></trkpt>
      <trkpt lat="60.15833610153502" lon="24.630575876183034"><time>2026-07-10T09:10:18.000Z</time></trkpt>
      <trkpt lat="60.15838508070291" lon="24.630653744410488"><time>2026-07-10T09:10:19.000Z</time></trkpt>
      <trkpt lat="60.1584340598708" lon="24.63073161263794"><time>2026-07-10T09:10:20.000Z</time></trkpt>
      <trkpt lat="60.15848303903869" lon="24.630809480865395"><time>2026-07-10T09:10:21.000Z</time></trkpt>
      <trkpt lat="60.15852556447311" lon="24.630901048576305"><time>2026-07-10T09:10:22.000Z</time></trkpt>
      <trkpt lat="60.158566928400816" lon="24.630995081843302"><time>2026-07-10T09:10:23.000Z</time></trkpt>
      <trkpt lat="60.15860829232853" lon="24.631089115110296"><time>2026-07-10T09:10:24.000Z</time></trkpt>
      <trkpt lat="60.158649656256244" lon="24.631183148377293"><time>2026-07-10T09:10:25.000Z</time></trkpt>
      <trkpt lat="60.15869102018396" lon="24.631277181644286"><time>2026-07-10T09:10:26.000Z</time></trkpt>
      <trkpt lat="60.15873238411167" lon="24.631371214911283"><time>2026-07-10T09:10:27.000Z</time></trkpt>
      <trkpt lat="60.15877374803938" lon="24.631465248178277"><time>2026-07-10T09:10:28.000Z</time></trkpt>
      <trkpt lat="60.158815111967094" lon="24.631559281445274"><time>2026-07-10T09:10:29.000Z</time></trkpt>
      <trkpt lat="60.15885647589481" lon="24.63165331471227"><time>2026-07-10T09:10:30.000Z</time></trkpt>
      <trkpt lat="60.15889783982252" lon="24.631747347979264"><time>2026-07-10T09:10:31.000Z</time></trkpt>
      <trkpt lat="60.15893920375023" lon="24.63184138124626"><time>2026-07-10T09:10:32.000Z</time></trkpt>
      <trkpt lat="60.15898056767794" lon="24.631935414513254"><time>2026-07-10T09:10:33.000Z</time></trkpt>
      <trkpt lat="60.15902193160566" lon="24.63202944778025"><time>2026-07-10T09:10:34.000Z</time></trkpt>
      <trkpt lat="60.15906072392524" lon="24.632127327050757"><time>2026-07-10T09:10:35.000Z</time></trkpt>
      <trkpt lat="60.159093659881165" lon="24.63223396488558"><time>2026-07-10T09:10:36.000Z</time></trkpt>
      <trkpt lat="60.159126595837094" lon="24.6323406027204"><time>2026-07-10T09:10:37.000Z</time></trkpt>
      <trkpt lat="60.159159531793016" lon="24.632447240555223"><time>2026-07-10T09:10:38.000Z</time></trkpt>
      <trkpt lat="60.159192467748944" lon="24.63255387839005"><time>2026-07-10T09:10:39.000Z</time></trkpt>
      <trkpt lat="60.159225403704866" lon="24.63266051622487"><time>2026-07-10T09:10:40.000Z</time></trkpt>
      <trkpt lat="60.159258339660795" lon="24.632767154059692"><time>2026-07-10T09:10:41.000Z</time></trkpt>
      <trkpt lat="60.15929127561672" lon="24.632873791894514"><time>2026-07-10T09:10:42.000Z</time></trkpt>
      <trkpt lat="60.15932421157264" lon="24.632980429729336"><time>2026-07-10T09:10:43.000Z</time></trkpt>
      <trkpt lat="60.15935714752857" lon="24.633087067564162"><time>2026-07-10T09:10:44.000Z</time></trkpt>
      <trkpt lat="60.15939008348449" lon="24.633193705398984"><time>2026-07-10T09:10:45.000Z</time></trkpt>
      <trkpt lat="60.15942301944042" lon="24.633300343233806"><time>2026-07-10T09:10:46.000Z</time></trkpt>
      <trkpt lat="60.15945595539634" lon="24.633406981068628"><time>2026-07-10T09:10:47.000Z</time></trkpt>
      <trkpt lat="60.15948886557888" lon="24.633513645637702"><time>2026-07-10T09:10:48.000Z</time></trkpt>
      <trkpt lat="60.15951303213175" lon="24.633629379808426"><time>2026-07-10T09:10:49.000Z</time></trkpt>
      <trkpt lat="60.15953719868462" lon="24.633745113979153"><time>2026-07-10T09:10:50.000Z</time></trkpt>
      <trkpt lat="60.159561365237494" lon="24.633860848149876"><time>2026-07-10T09:10:51.000Z</time></trkpt>
      <trkpt lat="60.15958553179036" lon="24.633976582320603"><time>2026-07-10T09:10:52.000Z</time></trkpt>
      <trkpt lat="60.15960969834324" lon="24.634092316491326"><time>2026-07-10T09:10:53.000Z</time></trkpt>
      <trkpt lat="60.15963386489611" lon="24.634208050662053"><time>2026-07-10T09:10:54.000Z</time></trkpt>
      <trkpt lat="60.159658031448984" lon="24.634323784832777"><time>2026-07-10T09:10:55.000Z</time></trkpt>
      <trkpt lat="60.15968219800185" lon="24.634439519003504"><time>2026-07-10T09:10:56.000Z</time></trkpt>
      <trkpt lat="60.15970636455472" lon="24.634555253174227"><time>2026-07-10T09:10:57.000Z</time></trkpt>
      <trkpt lat="60.1597305311076" lon="24.634670987344954"><time>2026-07-10T09:10:58.000Z</time></trkpt>
      <trkpt lat="60.15975469766047" lon="24.634786721515677"><time>2026-07-10T09:10:59.000Z</time></trkpt>
      <trkpt lat="60.159778864213344" lon="24.634902455686404"><time>2026-07-10T09:11:00.000Z</time></trkpt>
      <trkpt lat="60.15980303076621" lon="24.635018189857128"><time>2026-07-10T09:11:01.000Z</time></trkpt>
      <trkpt lat="60.159818795298456" lon="24.635139589864135"><time>2026-07-10T09:11:02.000Z</time></trkpt>
      <trkpt lat="60.1598342492998" lon="24.635261199275202"><time>2026-07-10T09:11:03.000Z</time></trkpt>
      <trkpt lat="60.159849703301134" lon="24.63538280868627"><time>2026-07-10T09:11:04.000Z</time></trkpt>
      <trkpt lat="60.15986515730248" lon="24.635504418097337"><time>2026-07-10T09:11:05.000Z</time></trkpt>
      <trkpt lat="60.15988061130382" lon="24.635626027508405"><time>2026-07-10T09:11:06.000Z</time></trkpt>
      <trkpt lat="60.15989606530516" lon="24.635747636919472"><time>2026-07-10T09:11:07.000Z</time></trkpt>
      <trkpt lat="60.1599115193065" lon="24.635869246330543"><time>2026-07-10T09:11:08.000Z</time></trkpt>
      <trkpt lat="60.15992697330784" lon="24.63599085574161"><time>2026-07-10T09:11:09.000Z</time></trkpt>
      <trkpt lat="60.15994242730918" lon="24.636112465152678"><time>2026-07-10T09:11:10.000Z</time></trkpt>
      <trkpt lat="60.15995788131052" lon="24.636234074563745"><time>2026-07-10T09:11:11.000Z</time></trkpt>
      <trkpt lat="60.15997333531186" lon="24.636355683974813"><time>2026-07-10T09:11:12.000Z</time></trkpt>
      <trkpt lat="60.1599887893132" lon="24.63647729338588"><time>2026-07-10T09:11:13.000Z</time></trkpt>
      <trkpt lat="60.1600025421581" lon="24.636599532160293"><time>2026-07-10T09:11:14.000Z</time></trkpt>
      <trkpt lat="60.16000964544062" lon="24.636724231020494"><time>2026-07-10T09:11:15.000Z</time></trkpt>
      <trkpt lat="60.16001674872314" lon="24.636848929880696"><time>2026-07-10T09:11:16.000Z</time></trkpt>
      <trkpt lat="60.16002385200566" lon="24.636973628740897"><time>2026-07-10T09:11:17.000Z</time></trkpt>
      <trkpt lat="60.16003095528818" lon="24.637098327601098"><time>2026-07-10T09:11:18.000Z</time></trkpt>
      <trkpt lat="60.1600380585707" lon="24.6372230264613"><time>2026-07-10T09:11:19.000Z</time></trkpt>
      <trkpt lat="60.16004516185322" lon="24.6373477253215"><time>2026-07-10T09:11:20.000Z</time></trkpt>
      <trkpt lat="60.16005226513574" lon="24.637472424181702"><time>2026-07-10T09:11:21.000Z</time></trkpt>
      <trkpt lat="60.16005936841826" lon="24.637597123041903"><time>2026-07-10T09:11:22.000Z</time></trkpt>
      <trkpt lat="60.16006647170078" lon="24.637721821902105"><time>2026-07-10T09:11:23.000Z</time></trkpt>
      <trkpt lat="60.1600735749833" lon="24.637846520762306"><time>2026-07-10T09:11:24.000Z</time></trkpt>
      <trkpt lat="60.16008067826582" lon="24.637971219622507"><time>2026-07-10T09:11:25.000Z</time></trkpt>
      <trkpt lat="60.16008778154835" lon="24.63809591848271"><time>2026-07-10T09:11:26.000Z</time></trkpt>
      <trkpt lat="60.16008922865165" lon="24.638221204331312"><time>2026-07-10T09:11:27.000Z</time></trkpt>
      <trkpt lat="60.160088552890926" lon="24.63834671048704"><time>2026-07-10T09:11:28.000Z</time></trkpt>
      <trkpt lat="60.16008787713021" lon="24.638472216642764"><time>2026-07-10T09:11:29.000Z</time></trkpt>
      <trkpt lat="60.16008720136949" lon="24.63859772279849"><time>2026-07-10T09:11:30.000Z</time></trkpt>
      <trkpt lat="60.16008652560877" lon="24.638723228954216"><time>2026-07-10T09:11:31.000Z</time></trkpt>
      <trkpt lat="60.16008584984805" lon="24.638848735109942"><time>2026-07-10T09:11:32.000Z</time></trkpt>
      <trkpt lat="60.160085174087335" lon="24.638974241265668"><time>2026-07-10T09:11:33.000Z</time></trkpt>
      <trkpt lat="60.16008449832661" lon="24.639099747421394"><time>2026-07-10T09:11:34.000Z</time></trkpt>
      <trkpt lat="60.160083822565895" lon="24.63922525357712"><time>2026-07-10T09:11:35.000Z</time></trkpt>
      <trkpt lat="60.16008314680518" lon="24.639350759732846"><time>2026-07-10T09:11:36.000Z</time></trkpt>
      <trkpt lat="60.160082471044454" lon="24.63947626588857"><time>2026-07-10T09:11:37.000Z</time></trkpt>
      <trkpt lat="60.16008179528374" lon="24.639601772044298"><time>2026-07-10T09:11:38.000Z</time></trkpt>
      <trkpt lat="60.16007734065481" lon="24.639726763300853"><time>2026-07-10T09:11:39.000Z</time></trkpt>
      <trkpt lat="60.160069582678474" lon="24.639851304451522"><time>2026-07-10T09:11:40.000Z</time></trkpt>
      <trkpt lat="60.16006182470214" lon="24.639975845602187"><time>2026-07-10T09:11:41.000Z</time></trkpt>
      <trkpt lat="60.160054066725806" lon="24.640100386752856"><time>2026-07-10T09:11:42.000Z</time></trkpt>
      <trkpt lat="60.16004630874947" lon="24.64022492790352"><time>2026-07-10T09:11:43.000Z</time></trkpt>
      <trkpt lat="60.16003855077314" lon="24.64034946905419"><time>2026-07-10T09:11:44.000Z</time></trkpt>
      <trkpt lat="60.1600307927968" lon="24.640474010204855"><time>2026-07-10T09:11:45.000Z</time></trkpt>
      <trkpt lat="60.16002303482047" lon="24.640598551355524"><time>2026-07-10T09:11:46.000Z</time></trkpt>
      <trkpt lat="60.160015276844135" lon="24.64072309250619"><time>2026-07-10T09:11:47.000Z</time></trkpt>
      <trkpt lat="60.1600075188678" lon="24.640847633656858"><time>2026-07-10T09:11:48.000Z</time></trkpt>
      <trkpt lat="60.159999760891466" lon="24.640972174807523"><time>2026-07-10T09:11:49.000Z</time></trkpt>
      <trkpt lat="60.15999200291513" lon="24.64109671595819"><time>2026-07-10T09:11:50.000Z</time></trkpt>
      <trkpt lat="60.15998034438826" lon="24.641219862502936"><time>2026-07-10T09:11:51.000Z</time></trkpt>
      <trkpt lat="60.15996625802941" lon="24.64134214099872"><time>2026-07-10T09:11:52.000Z</time></trkpt>
      <trkpt lat="60.15995217167055" lon="24.641464419494504"><time>2026-07-10T09:11:53.000Z</time></trkpt>
      <trkpt lat="60.159938085311694" lon="24.641586697990284"><time>2026-07-10T09:11:54.000Z</time></trkpt>
      <trkpt lat="60.15992399895284" lon="24.64170897648607"><time>2026-07-10T09:11:55.000Z</time></trkpt>
      <trkpt lat="60.15990991259398" lon="24.641831254981852"><time>2026-07-10T09:11:56.000Z</time></trkpt>
      <trkpt lat="60.15989582623513" lon="24.641953533477633"><time>2026-07-10T09:11:57.000Z</time></trkpt>
      <trkpt lat="60.159881739876276" lon="24.642075811973417"><time>2026-07-10T09:11:58.000Z</time></trkpt>
      <trkpt lat="60.15986765351742" lon="24.6421980904692"><time>2026-07-10T09:11:59.000Z</time></trkpt>
      <trkpt lat="60.159853567158564" lon="24.64232036896498"><time>2026-07-10T09:12:00.000Z</time></trkpt>
      <trkpt lat="60.15983948079971" lon="24.642442647460765"><time>2026-07-10T09:12:01.000Z</time></trkpt>
      <trkpt lat="60.15982539444086" lon="24.64256492595655"><time>2026-07-10T09:12:02.000Z</time></trkpt>
      <trkpt lat="60.159805939989205" lon="24.642684173502538"><time>2026-07-10T09:12:03.000Z</time></trkpt>
      <trkpt lat="60.1597862858387" lon="24.64280330829392"><time>2026-07-10T09:12:04.000Z</time></trkpt>
      <trkpt lat="60.15976663168819" lon="24.642922443085304"><time>2026-07-10T09:12:05.000Z</time></trkpt>
      <trkpt lat="60.15974697753769" lon="24.643041577876684"><time>2026-07-10T09:12:06.000Z</time></trkpt>
      <trkpt lat="60.15972732338718" lon="24.643160712668067"><time>2026-07-10T09:12:07.000Z</time></trkpt>
      <trkpt lat="60.15970766923668" lon="24.64327984745945"><time>2026-07-10T09:12:08.000Z</time></trkpt>
      <trkpt lat="60.159688015086175" lon="24.643398982250833"><time>2026-07-10T09:12:09.000Z</time></trkpt>
      <trkpt lat="60.15966836093567" lon="24.643518117042216"><time>2026-07-10T09:12:10.000Z</time></trkpt>
      <trkpt lat="60.15964870678516" lon="24.6436372518336"><time>2026-07-10T09:12:11.000Z</time></trkpt>
      <trkpt lat="60.159629052634656" lon="24.64375638662498"><time>2026-07-10T09:12:12.000Z</time></trkpt>
      <trkpt lat="60.15960939848415" lon="24.643875521416362"><time>2026-07-10T09:12:13.000Z</time></trkpt>
      <trkpt lat="60.159587027016755" lon="24.643992590592237"><time>2026-07-10T09:12:14.000Z</time></trkpt>
      <trkpt lat="60.15956253851149" lon="24.64410805046509"><time>2026-07-10T09:12:15.000Z</time></trkpt>
      <trkpt lat="60.15953805000622" lon="24.644223510337945"><time>2026-07-10T09:12:16.000Z</time></trkpt>
      <trkpt lat="60.15951356150095" lon="24.644338970210796"><time>2026-07-10T09:12:17.000Z</time></trkpt>
      <trkpt lat="60.159489072995676" lon="24.644454430083652"><time>2026-07-10T09:12:18.000Z</time></trkpt>
      <trkpt lat="60.15946458449041" lon="24.644569889956507"><time>2026-07-10T09:12:19.000Z</time></trkpt>
      <trkpt lat="60.15944009598514" lon="24.64468534982936"><time>2026-07-10T09:12:20.000Z</time></trkpt>
      <trkpt lat="60.159415607479865" lon="24.644800809702215"><time>2026-07-10T09:12:21.000Z</time></trkpt>
      <trkpt lat="60.1593911189746" lon="24.644916269575067"><time>2026-07-10T09:12:22.000Z</time></trkpt>
      <trkpt lat="60.15936663046933" lon="24.645031729447922"><time>2026-07-10T09:12:23.000Z</time></trkpt>
      <trkpt lat="60.15934214196406" lon="24.645147189320774"><time>2026-07-10T09:12:24.000Z</time></trkpt>
      <trkpt lat="60.15931602367654" lon="24.645261108268546"><time>2026-07-10T09:12:25.000Z</time></trkpt>
      <trkpt lat="60.15928738659967" lon="24.645372645753575"><time>2026-07-10T09:12:26.000Z</time></trkpt>
      <trkpt lat="60.1592587495228" lon="24.645484183238604"><time>2026-07-10T09:12:27.000Z</time></trkpt>
      <trkpt lat="60.15923011244593" lon="24.645595720723637"><time>2026-07-10T09:12:28.000Z</time></trkpt>
      <trkpt lat="60.15920147536906" lon="24.645707258208667"><time>2026-07-10T09:12:29.000Z</time></trkpt>
      <trkpt lat="60.15917283829219" lon="24.645818795693696"><time>2026-07-10T09:12:30.000Z</time></trkpt>
      <trkpt lat="60.15914420121533" lon="24.645930333178725"><time>2026-07-10T09:12:31.000Z</time></trkpt>
      <trkpt lat="60.15911556413845" lon="24.646041870663755"><time>2026-07-10T09:12:32.000Z</time></trkpt>
      <trkpt lat="60.15908692706159" lon="24.646153408148784"><time>2026-07-10T09:12:33.000Z</time></trkpt>
      <trkpt lat="60.15905828998471" lon="24.646264945633813"><time>2026-07-10T09:12:34.000Z</time></trkpt>
      <trkpt lat="60.15902965290785" lon="24.646376483118846"><time>2026-07-10T09:12:35.000Z</time></trkpt>
      <trkpt lat="60.158999476224196" lon="24.64648629497626"><time>2026-07-10T09:12:36.000Z</time></trkpt>
      <trkpt lat="60.15896731839365" lon="24.64659388631748"><time>2026-07-10T09:12:37.000Z</time></trkpt>
      <trkpt lat="60.15893516056311" lon="24.6467014776587"><time>2026-07-10T09:12:38.000Z</time></trkpt>
      <trkpt lat="60.158903002732565" lon="24.646809068999918"><time>2026-07-10T09:12:39.000Z</time></trkpt>
      <trkpt lat="60.158870844902026" lon="24.646916660341137"><time>2026-07-10T09:12:40.000Z</time></trkpt>
      <trkpt lat="60.15883868707148" lon="24.647024251682357"><time>2026-07-10T09:12:41.000Z</time></trkpt>
      <trkpt lat="60.158806529240934" lon="24.647131843023576"><time>2026-07-10T09:12:42.000Z</time></trkpt>
      <trkpt lat="60.158774371410395" lon="24.647239434364796"><time>2026-07-10T09:12:43.000Z</time></trkpt>
      <trkpt lat="60.15874221357985" lon="24.647347025706015"><time>2026-07-10T09:12:44.000Z</time></trkpt>
      <trkpt lat="60.1587100557493" lon="24.647454617047234"><time>2026-07-10T09:12:45.000Z</time></trkpt>
      <trkpt lat="60.158677897918764" lon="24.647562208388454"><time>2026-07-10T09:12:46.000Z</time></trkpt>
      <trkpt lat="60.15864374595928" lon="24.6476672360161"><time>2026-07-10T09:12:47.000Z</time></trkpt>
      <trkpt lat="60.15860863417291" lon="24.647771029660735"><time>2026-07-10T09:12:48.000Z</time></trkpt>
      <trkpt lat="60.15857352238653" lon="24.64787482330537"><time>2026-07-10T09:12:49.000Z</time></trkpt>
      <trkpt lat="60.15853841060016" lon="24.647978616950002"><time>2026-07-10T09:12:50.000Z</time></trkpt>
      <trkpt lat="60.158503298813784" lon="24.648082410594636"><time>2026-07-10T09:12:51.000Z</time></trkpt>
      <trkpt lat="60.15846818702741" lon="24.64818620423927"><time>2026-07-10T09:12:52.000Z</time></trkpt>
      <trkpt lat="60.158433075241035" lon="24.648289997883904"><time>2026-07-10T09:12:53.000Z</time></trkpt>
      <trkpt lat="60.15839796345466" lon="24.648393791528537"><time>2026-07-10T09:12:54.000Z</time></trkpt>
      <trkpt lat="60.15836285166829" lon="24.64849758517317"><time>2026-07-10T09:12:55.000Z</time></trkpt>
      <trkpt lat="60.15832773988191" lon="24.648601378817805"><time>2026-07-10T09:12:56.000Z</time></trkpt>
      <trkpt lat="60.15829241989543" lon="24.648704872934605"><time>2026-07-10T09:12:57.000Z</time></trkpt>
      <trkpt lat="60.158254861744126" lon="24.648805147107467"><time>2026-07-10T09:12:58.000Z</time></trkpt>
      <trkpt lat="60.15821730359282" lon="24.648905421280332"><time>2026-07-10T09:12:59.000Z</time></trkpt>
      <trkpt lat="60.15817974544152" lon="24.649005695453198"><time>2026-07-10T09:13:00.000Z</time></trkpt>
      <trkpt lat="60.15814218729022" lon="24.649105969626063"><time>2026-07-10T09:13:01.000Z</time></trkpt>
      <trkpt lat="60.15810462913891" lon="24.64920624379893"><time>2026-07-10T09:13:02.000Z</time></trkpt>
      <trkpt lat="60.15806707098761" lon="24.649306517971795"><time>2026-07-10T09:13:03.000Z</time></trkpt>
      <trkpt lat="60.15802951283631" lon="24.64940679214466"><time>2026-07-10T09:13:04.000Z</time></trkpt>
      <trkpt lat="60.157991954685" lon="24.649507066317522"><time>2026-07-10T09:13:05.000Z</time></trkpt>
      <trkpt lat="60.1579543965337" lon="24.649607340490387"><time>2026-07-10T09:13:06.000Z</time></trkpt>
      <trkpt lat="60.1579168383824" lon="24.649707614663253"><time>2026-07-10T09:13:07.000Z</time></trkpt>
      <trkpt lat="60.15787799285973" lon="24.649805857215537"><time>2026-07-10T09:13:08.000Z</time></trkpt>
      <trkpt lat="60.15783844160583" lon="24.64990298604248"><time>2026-07-10T09:13:09.000Z</time></trkpt>
      <trkpt lat="60.157798890351934" lon="24.650000114869425"><time>2026-07-10T09:13:10.000Z</time></trkpt>
      <trkpt lat="60.157759339098035" lon="24.65009724369637"><time>2026-07-10T09:13:11.000Z</time></trkpt>
      <trkpt lat="60.15771978784414" lon="24.650194372523316"><time>2026-07-10T09:13:12.000Z</time></trkpt>
      <trkpt lat="60.15768023659024" lon="24.65029150135026"><time>2026-07-10T09:13:13.000Z</time></trkpt>
      <trkpt lat="60.15764068533634" lon="24.650388630177204"><time>2026-07-10T09:13:14.000Z</time></trkpt>
      <trkpt lat="60.15760113408244" lon="24.650485759004148"><time>2026-07-10T09:13:15.000Z</time></trkpt>
      <trkpt lat="60.15756158282854" lon="24.650582887831092"><time>2026-07-10T09:13:16.000Z</time></trkpt>
      <trkpt lat="60.15752203157464" lon="24.650680016658036"><time>2026-07-10T09:13:17.000Z</time></trkpt>
      <trkpt lat="60.1574819472021" lon="24.650776238185962"><time>2026-07-10T09:13:18.000Z</time></trkpt>
      <trkpt lat="60.15744080844486" lon="24.650870665287414"><time>2026-07-10T09:13:19.000Z</time></trkpt>
      <trkpt lat="60.15739966968762" lon="24.650965092388866"><time>2026-07-10T09:13:20.000Z</time></trkpt>
      <trkpt lat="60.157358530930374" lon="24.651059519490317"><time>2026-07-10T09:13:21.000Z</time></trkpt>
      <trkpt lat="60.157317392173134" lon="24.651153946591766"><time>2026-07-10T09:13:22.000Z</time></trkpt>
      <trkpt lat="60.157276253415894" lon="24.651248373693218"><time>2026-07-10T09:13:23.000Z</time></trkpt>
      <trkpt lat="60.157235114658654" lon="24.65134280079467"><time>2026-07-10T09:13:24.000Z</time></trkpt>
      <trkpt lat="60.15719397590141" lon="24.65143722789612"><time>2026-07-10T09:13:25.000Z</time></trkpt>
      <trkpt lat="60.15715283714417" lon="24.651531654997573"><time>2026-07-10T09:13:26.000Z</time></trkpt>
      <trkpt lat="60.15711169838693" lon="24.65162608209902"><time>2026-07-10T09:13:27.000Z</time></trkpt>
      <trkpt lat="60.15707039695397" lon="24.651720215148863"><time>2026-07-10T09:13:28.000Z</time></trkpt>
      <trkpt lat="60.15702803622851" lon="24.65181243342812"><time>2026-07-10T09:13:29.000Z</time></trkpt>
      <trkpt lat="60.156985675503044" lon="24.651904651707373"><time>2026-07-10T09:13:30.000Z</time></trkpt>
      <trkpt lat="60.15694331477758" lon="24.65199686998663"><time>2026-07-10T09:13:31.000Z</time></trkpt>
      <trkpt lat="60.15690095405211" lon="24.652089088265885"><time>2026-07-10T09:13:32.000Z</time></trkpt>
      <trkpt lat="60.156858593326646" lon="24.65218130654514"><time>2026-07-10T09:13:33.000Z</time></trkpt>
      <trkpt lat="60.15681623260119" lon="24.652273524824395"><time>2026-07-10T09:13:34.000Z</time></trkpt>
      <trkpt lat="60.15677387187572" lon="24.65236574310365"><time>2026-07-10T09:13:35.000Z</time></trkpt>
      <trkpt lat="60.156731511150255" lon="24.652457961382908"><time>2026-07-10T09:13:36.000Z</time></trkpt>
      <trkpt lat="60.15668915042479" lon="24.65255017966216"><time>2026-07-10T09:13:37.000Z</time></trkpt>
      <trkpt lat="60.15664677533364" lon="24.652642370747095"><time>2026-07-10T09:13:38.000Z</time></trkpt>
      <trkpt lat="60.15660352611113" lon="24.652732907096176"><time>2026-07-10T09:13:39.000Z</time></trkpt>
      <trkpt lat="60.15656027688861" lon="24.652823443445257"><time>2026-07-10T09:13:40.000Z</time></trkpt>
      <trkpt lat="60.1565170276661" lon="24.652913979794338"><time>2026-07-10T09:13:41.000Z</time></trkpt>
      <trkpt lat="60.15647377844358" lon="24.653004516143415"><time>2026-07-10T09:13:42.000Z</time></trkpt>
      <trkpt lat="60.15643052922107" lon="24.653095052492496"><time>2026-07-10T09:13:43.000Z</time></trkpt>
      <trkpt lat="60.156387279998555" lon="24.653185588841577"><time>2026-07-10T09:13:44.000Z</time></trkpt>
      <trkpt lat="60.15634403077603" lon="24.653276125190658"><time>2026-07-10T09:13:45.000Z</time></trkpt>
      <trkpt lat="60.15630078155352" lon="24.65336666153974"><time>2026-07-10T09:13:46.000Z</time></trkpt>
      <trkpt lat="60.156257532331004" lon="24.65345719788882"><time>2026-07-10T09:13:47.000Z</time></trkpt>
      <trkpt lat="60.15621428310849" lon="24.6535477342379"><time>2026-07-10T09:13:48.000Z</time></trkpt>
      <trkpt lat="60.15617047609826" lon="24.653637179448342"><time>2026-07-10T09:13:49.000Z</time></trkpt>
      <trkpt lat="60.15612664788653" lon="24.653726583184636"><time>2026-07-10T09:13:50.000Z</time></trkpt>
      <trkpt lat="60.15608281967481" lon="24.65381598692093"><time>2026-07-10T09:13:51.000Z</time></trkpt>
      <trkpt lat="60.15603899146308" lon="24.65390539065722"><time>2026-07-10T09:13:52.000Z</time></trkpt>
      <trkpt lat="60.155995163251355" lon="24.653994794393512"><time>2026-07-10T09:13:53.000Z</time></trkpt>
      <trkpt lat="60.15595133503963" lon="24.654084198129805"><time>2026-07-10T09:13:54.000Z</time></trkpt>
      <trkpt lat="60.1559075068279" lon="24.6541736018661"><time>2026-07-10T09:13:55.000Z</time></trkpt>
      <trkpt lat="60.15586367861618" lon="24.65426300560239"><time>2026-07-10T09:13:56.000Z</time></trkpt>
      <trkpt lat="60.15581985040445" lon="24.65435240933868"><time>2026-07-10T09:13:57.000Z</time></trkpt>
      <trkpt lat="60.155776022192725" lon="24.654441813074975"><time>2026-07-10T09:13:58.000Z</time></trkpt>
      <trkpt lat="60.155731921925835" lon="24.654530673654225"><time>2026-07-10T09:13:59.000Z</time></trkpt>
      <trkpt lat="60.155687808328985" lon="24.654619507620264"><time>2026-07-10T09:14:00.000Z</time></trkpt>
      <trkpt lat="60.155643694732134" lon="24.654708341586304"><time>2026-07-10T09:14:01.000Z</time></trkpt>
      <trkpt lat="60.15559958113529" lon="24.654797175552343"><time>2026-07-10T09:14:02.000Z</time></trkpt>
      <trkpt lat="60.15555546753844" lon="24.654886009518382"><time>2026-07-10T09:14:03.000Z</time></trkpt>
      <trkpt lat="60.15551135394159" lon="24.65497484348442"><time>2026-07-10T09:14:04.000Z</time></trkpt>
      <trkpt lat="60.15546724034474" lon="24.65506367745046"><time>2026-07-10T09:14:05.000Z</time></trkpt>
      <trkpt lat="60.1554231267479" lon="24.6551525114165"><time>2026-07-10T09:14:06.000Z</time></trkpt>
      <trkpt lat="60.15537901315105" lon="24.65524134538254"><time>2026-07-10T09:14:07.000Z</time></trkpt>
      <trkpt lat="60.1553348995542" lon="24.655330179348578"><time>2026-07-10T09:14:08.000Z</time></trkpt>
      <trkpt lat="60.15529078624312" lon="24.655419012739145"><time>2026-07-10T09:14:09.000Z</time></trkpt>
      <trkpt lat="60.15524667294256" lon="24.655507846108527"><time>2026-07-10T09:14:10.000Z</time></trkpt>
      <trkpt lat="60.15520255964201" lon="24.655596679477913"><time>2026-07-10T09:14:11.000Z</time></trkpt>
      <trkpt lat="60.155158446341446" lon="24.655685512847295"><time>2026-07-10T09:14:12.000Z</time></trkpt>
      <trkpt lat="60.15511433304089" lon="24.655774346216678"><time>2026-07-10T09:14:13.000Z</time></trkpt>
      <trkpt lat="60.15507021974033" lon="24.65586317958606"><time>2026-07-10T09:14:14.000Z</time></trkpt>
      <trkpt lat="60.15502610643978" lon="24.655952012955442"><time>2026-07-10T09:14:15.000Z</time></trkpt>
      <trkpt lat="60.15498199313922" lon="24.656040846324824"><time>2026-07-10T09:14:16.000Z</time></trkpt>
      <trkpt lat="60.154937879838656" lon="24.656129679694207"><time>2026-07-10T09:14:17.000Z</time></trkpt>
      <trkpt lat="60.1548937665381" lon="24.65621851306359"><time>2026-07-10T09:14:18.000Z</time></trkpt>
      <trkpt lat="60.15484993225103" lon="24.656307901124226"><time>2026-07-10T09:14:19.000Z</time></trkpt>
      <trkpt lat="60.15480610493248" lon="24.65639730303857"><time>2026-07-10T09:14:20.000Z</time></trkpt>
      <trkpt lat="60.154762277613926" lon="24.656486704952915"><time>2026-07-10T09:14:21.000Z</time></trkpt>
      <trkpt lat="60.15471845029537" lon="24.656576106867256"><time>2026-07-10T09:14:22.000Z</time></trkpt>
      <trkpt lat="60.15467462297681" lon="24.6566655087816"><time>2026-07-10T09:14:23.000Z</time></trkpt>
      <trkpt lat="60.15463079565826" lon="24.656754910695945"><time>2026-07-10T09:14:24.000Z</time></trkpt>
      <trkpt lat="60.1545869683397" lon="24.656844312610286"><time>2026-07-10T09:14:25.000Z</time></trkpt>
      <trkpt lat="60.15454314102114" lon="24.65693371452463"><time>2026-07-10T09:14:26.000Z</time></trkpt>
      <trkpt lat="60.15449931370259" lon="24.657023116438975"><time>2026-07-10T09:14:27.000Z</time></trkpt>
      <trkpt lat="60.15445548638403" lon="24.657112518353316"><time>2026-07-10T09:14:28.000Z</time></trkpt>
      <trkpt lat="60.154412218573704" lon="24.6572030123461"><time>2026-07-10T09:14:29.000Z</time></trkpt>
      <trkpt lat="60.154368970853106" lon="24.657293545551113"><time>2026-07-10T09:14:30.000Z</time></trkpt>
      <trkpt lat="60.15432572313251" lon="24.65738407875613"><time>2026-07-10T09:14:31.000Z</time></trkpt>
      <trkpt lat="60.15428247541192" lon="24.657474611961145"><time>2026-07-10T09:14:32.000Z</time></trkpt>
      <trkpt lat="60.15423922769132" lon="24.657565145166163"><time>2026-07-10T09:14:33.000Z</time></trkpt>
      <trkpt lat="60.15419597997072" lon="24.657655678371178"><time>2026-07-10T09:14:34.000Z</time></trkpt>
      <trkpt lat="60.154152732250125" lon="24.657746211576193"><time>2026-07-10T09:14:35.000Z</time></trkpt>
      <trkpt lat="60.154109484529535" lon="24.65783674478121"><time>2026-07-10T09:14:36.000Z</time></trkpt>
      <trkpt lat="60.15406623680894" lon="24.657927277986225"><time>2026-07-10T09:14:37.000Z</time></trkpt>
      <trkpt lat="60.15402298908834" lon="24.658017811191243"><time>2026-07-10T09:14:38.000Z</time></trkpt>
      <trkpt lat="60.153980552427285" lon="24.65810987730194"><time>2026-07-10T09:14:39.000Z</time></trkpt>
      <trkpt lat="60.15393819382871" lon="24.65820209095102"><time>2026-07-10T09:14:40.000Z</time></trkpt>
      <trkpt lat="60.15389583523013" lon="24.658294304600094"><time>2026-07-10T09:14:41.000Z</time></trkpt>
      <trkpt lat="60.15385347663155" lon="24.65838651824917"><time>2026-07-10T09:14:42.000Z</time></trkpt>
      <trkpt lat="60.15381111803297" lon="24.65847873189825"><time>2026-07-10T09:14:43.000Z</time></trkpt>
      <trkpt lat="60.15376875943439" lon="24.658570945547325"><time>2026-07-10T09:14:44.000Z</time></trkpt>
      <trkpt lat="60.153726400835815" lon="24.658663159196404"><time>2026-07-10T09:14:45.000Z</time></trkpt>
      <trkpt lat="60.15368404223723" lon="24.65875537284548"><time>2026-07-10T09:14:46.000Z</time></trkpt>
      <trkpt lat="60.153641683638654" lon="24.65884758649456"><time>2026-07-10T09:14:47.000Z</time></trkpt>
      <trkpt lat="60.15359932504008" lon="24.658939800143635"><time>2026-07-10T09:14:48.000Z</time></trkpt>
      <trkpt lat="60.153557938093606" lon="24.65903376785913"><time>2026-07-10T09:14:49.000Z</time></trkpt>
      <trkpt lat="60.15351680210294" lon="24.65912818861037"><time>2026-07-10T09:14:50.000Z</time></trkpt>
      <trkpt lat="60.15347566611227" lon="24.659222609361613"><time>2026-07-10T09:14:51.000Z</time></trkpt>
      <trkpt lat="60.15343453012161" lon="24.65931703011286"><time>2026-07-10T09:14:52.000Z</time></trkpt>
      <trkpt lat="60.15339339413094" lon="24.659411450864102"><time>2026-07-10T09:14:53.000Z</time></trkpt>
      <trkpt lat="60.15335225814027" lon="24.659505871615345"><time>2026-07-10T09:14:54.000Z</time></trkpt>
      <trkpt lat="60.1533111221496" lon="24.659600292366587"><time>2026-07-10T09:14:55.000Z</time></trkpt>
      <trkpt lat="60.15326998615894" lon="24.65969471311783"><time>2026-07-10T09:14:56.000Z</time></trkpt>
      <trkpt lat="60.153228850168276" lon="24.659789133869072"><time>2026-07-10T09:14:57.000Z</time></trkpt>
      <trkpt lat="60.153187714177605" lon="24.659883554620315"><time>2026-07-10T09:14:58.000Z</time></trkpt>
      <trkpt lat="60.15314751734579" lon="24.659979571853036"><time>2026-07-10T09:14:59.000Z</time></trkpt>
      <trkpt lat="60.15310796950232" lon="24.660076692304738"><time>2026-07-10T09:15:00.000Z</time></trkpt>
      <trkpt lat="60.15306842165886" lon="24.66017381275644"><time>2026-07-10T09:15:01.000Z</time></trkpt>
      <trkpt lat="60.153028873815394" lon="24.660270933208142"><time>2026-07-10T09:15:02.000Z</time></trkpt>
      <trkpt lat="60.15298932597193" lon="24.660368053659845"><time>2026-07-10T09:15:03.000Z</time></trkpt>
      <trkpt lat="60.15294977812846" lon="24.66046517411155"><time>2026-07-10T09:15:04.000Z</time></trkpt>
      <trkpt lat="60.152910230284995" lon="24.660562294563253"><time>2026-07-10T09:15:05.000Z</time></trkpt>
      <trkpt lat="60.15287068244153" lon="24.660659415014955"><time>2026-07-10T09:15:06.000Z</time></trkpt>
      <trkpt lat="60.15283113459806" lon="24.660756535466657"><time>2026-07-10T09:15:07.000Z</time></trkpt>
      <trkpt lat="60.152791586754596" lon="24.66085365591836"><time>2026-07-10T09:15:08.000Z</time></trkpt>
      <trkpt lat="60.152752597901895" lon="24.66095165757349"><time>2026-07-10T09:15:09.000Z</time></trkpt>
      <trkpt lat="60.15271504378555" lon="24.661051920973673"><time>2026-07-10T09:15:10.000Z</time></trkpt>
      <trkpt lat="60.1526774896692" lon="24.661152184373854"><time>2026-07-10T09:15:11.000Z</time></trkpt>
      <trkpt lat="60.152639935552855" lon="24.661252447774036"><time>2026-07-10T09:15:12.000Z</time></trkpt>
      <trkpt lat="60.15260238143651" lon="24.661352711174217"><time>2026-07-10T09:15:13.000Z</time></trkpt>
      <trkpt lat="60.15256482732016" lon="24.6614529745744"><time>2026-07-10T09:15:14.000Z</time></trkpt>
      <trkpt lat="60.152527273203816" lon="24.66155323797458"><time>2026-07-10T09:15:15.000Z</time></trkpt>
      <trkpt lat="60.15248971908748" lon="24.66165350137476"><time>2026-07-10T09:15:16.000Z</time></trkpt>
      <trkpt lat="60.15245216497113" lon="24.661753764774943"><time>2026-07-10T09:15:17.000Z</time></trkpt>
      <trkpt lat="60.152414610854784" lon="24.661854028175124"><time>2026-07-10T09:15:18.000Z</time></trkpt>
      <trkpt lat="60.15237705673844" lon="24.661954291575306"><time>2026-07-10T09:15:19.000Z</time></trkpt>
      <trkpt lat="60.152341558190784" lon="24.662057509172467"><time>2026-07-10T09:15:20.000Z</time></trkpt>
      <trkpt lat="60.152306451003874" lon="24.662161289220663"><time>2026-07-10T09:15:21.000Z</time></trkpt>
      <trkpt lat="60.15227134381696" lon="24.662265069268855"><time>2026-07-10T09:15:22.000Z</time></trkpt>
      <trkpt lat="60.15223623663005" lon="24.662368849317048"><time>2026-07-10T09:15:23.000Z</time></trkpt>
      <trkpt lat="60.15220112944315" lon="24.662472629365244"><time>2026-07-10T09:15:24.000Z</time></trkpt>
      <trkpt lat="60.15216602225624" lon="24.662576409413436"><time>2026-07-10T09:15:25.000Z</time></trkpt>
      <trkpt lat="60.15213091506933" lon="24.662680189461632"><time>2026-07-10T09:15:26.000Z</time></trkpt>
      <trkpt lat="60.15209580788242" lon="24.662783969509825"><time>2026-07-10T09:15:27.000Z</time></trkpt>
      <trkpt lat="60.152060700695515" lon="24.662887749558017"><time>2026-07-10T09:15:28.000Z</time></trkpt>
      <trkpt lat="60.152025593508604" lon="24.662991529606213"><time>2026-07-10T09:15:29.000Z</time></trkpt>
      <trkpt lat="60.151991221105156" lon="24.663096253358823"><time>2026-07-10T09:15:30.000Z</time></trkpt>
      <trkpt lat="60.151959068316934" lon="24.663203827829793"><time>2026-07-10T09:15:31.000Z</time></trkpt>
      <trkpt lat="60.15192691552872" lon="24.663311402300764"><time>2026-07-10T09:15:32.000Z</time></trkpt>
      <trkpt lat="60.1518947627405" lon="24.663418976771734"><time>2026-07-10T09:15:33.000Z</time></trkpt>
      <trkpt lat="60.15186260995228" lon="24.663526551242704"><time>2026-07-10T09:15:34.000Z</time></trkpt>
      <trkpt lat="60.15183045716407" lon="24.663634125713674"><time>2026-07-10T09:15:35.000Z</time></trkpt>
      <trkpt lat="60.151798304375845" lon="24.663741700184644"><time>2026-07-10T09:15:36.000Z</time></trkpt>
      <trkpt lat="60.15176615158763" lon="24.663849274655618"><time>2026-07-10T09:15:37.000Z</time></trkpt>
      <trkpt lat="60.151733998799415" lon="24.66395684912659"><time>2026-07-10T09:15:38.000Z</time></trkpt>
      <trkpt lat="60.15170184601119" lon="24.66406442359756"><time>2026-07-10T09:15:39.000Z</time></trkpt>
      <trkpt lat="60.15166969322298" lon="24.66417199806853"><time>2026-07-10T09:15:40.000Z</time></trkpt>
      <trkpt lat="60.15163924739886" lon="24.664281483826272"><time>2026-07-10T09:15:41.000Z</time></trkpt>
      <trkpt lat="60.15161061560142" lon="24.664393000748678"><time>2026-07-10T09:15:42.000Z</time></trkpt>
      <trkpt lat="60.15158198380397" lon="24.664504517671084"><time>2026-07-10T09:15:43.000Z</time></trkpt>
      <trkpt lat="60.15155335200652" lon="24.66461603459349"><time>2026-07-10T09:15:44.000Z</time></trkpt>
      <trkpt lat="60.151524720209075" lon="24.664727551515895"><time>2026-07-10T09:15:45.000Z</time></trkpt>
      <trkpt lat="60.151496088411626" lon="24.6648390684383"><time>2026-07-10T09:15:46.000Z</time></trkpt>
      <trkpt lat="60.15146745661418" lon="24.664950585360707"><time>2026-07-10T09:15:47.000Z</time></trkpt>
      <trkpt lat="60.15143882481673" lon="24.665062102283112"><time>2026-07-10T09:15:48.000Z</time></trkpt>
      <trkpt lat="60.15141019301928" lon="24.665173619205518"><time>2026-07-10T09:15:49.000Z</time></trkpt>
      <trkpt lat="60.15138156122183" lon="24.665285136127924"><time>2026-07-10T09:15:50.000Z</time></trkpt>
      <trkpt lat="60.15135292942439" lon="24.66539665305033"><time>2026-07-10T09:15:51.000Z</time></trkpt>
      <trkpt lat="60.151326484787674" lon="24.665510235819212"><time>2026-07-10T09:15:52.000Z</time></trkpt>
      <trkpt lat="60.1513020014901" lon="24.665625671138518"><time>2026-07-10T09:15:53.000Z</time></trkpt>
      <trkpt lat="60.15127751819253" lon="24.66574110645782"><time>2026-07-10T09:15:54.000Z</time></trkpt>
      <trkpt lat="60.15125303489495" lon="24.66585654177712"><time>2026-07-10T09:15:55.000Z</time></trkpt>
      <trkpt lat="60.15122855159738" lon="24.665971977096426"><time>2026-07-10T09:15:56.000Z</time></trkpt>
      <trkpt lat="60.1512040682998" lon="24.666087412415727"><time>2026-07-10T09:15:57.000Z</time></trkpt>
      <trkpt lat="60.151179585002225" lon="24.666202847735033"><time>2026-07-10T09:15:58.000Z</time></trkpt>
      <trkpt lat="60.151155101704646" lon="24.666318283054334"><time>2026-07-10T09:15:59.000Z</time></trkpt>
      <trkpt lat="60.15113061840707" lon="24.666433718373636"><time>2026-07-10T09:16:00.000Z</time></trkpt>
      <trkpt lat="60.1511061351095" lon="24.66654915369294"><time>2026-07-10T09:16:01.000Z</time></trkpt>
      <trkpt lat="60.15108165181192" lon="24.666664589012242"><time>2026-07-10T09:16:02.000Z</time></trkpt>
      <trkpt lat="60.151058887488134" lon="24.666781329733787"><time>2026-07-10T09:16:03.000Z</time></trkpt>
      <trkpt lat="60.15103923805539" lon="24.666900435928156"><time>2026-07-10T09:16:04.000Z</time></trkpt>
      <trkpt lat="60.15101958862265" lon="24.66701954212252"><time>2026-07-10T09:16:05.000Z</time></trkpt>
      <trkpt lat="60.150999939189916" lon="24.66713864831689"><time>2026-07-10T09:16:06.000Z</time></trkpt>
      <trkpt lat="60.15098028975717" lon="24.667257754511255"><time>2026-07-10T09:16:07.000Z</time></trkpt>
      <trkpt lat="60.150960640324435" lon="24.667376860705623"><time>2026-07-10T09:16:08.000Z</time></trkpt>
      <trkpt lat="60.1509409908917" lon="24.667495966899992"><time>2026-07-10T09:16:09.000Z</time></trkpt>
      <trkpt lat="60.150921341458954" lon="24.667615073094357"><time>2026-07-10T09:16:10.000Z</time></trkpt>
      <trkpt lat="60.15090169202622" lon="24.667734179288725"><time>2026-07-10T09:16:11.000Z</time></trkpt>
      <trkpt lat="60.15088204259347" lon="24.66785328548309"><time>2026-07-10T09:16:12.000Z</time></trkpt>
      <trkpt lat="60.150862393160736" lon="24.66797239167746"><time>2026-07-10T09:16:13.000Z</time></trkpt>
      <trkpt lat="60.150842743728" lon="24.668091497871824"><time>2026-07-10T09:16:14.000Z</time></trkpt>
      <trkpt lat="60.15082838733941" lon="24.66821358966567"><time>2026-07-10T09:16:15.000Z</time></trkpt>
      <trkpt lat="60.15081430470039" lon="24.668335835870952"><time>2026-07-10T09:16:16.000Z</time></trkpt>
      <trkpt lat="60.15080022206136" lon="24.668458082076235"><time>2026-07-10T09:16:17.000Z</time></trkpt>
      <trkpt lat="60.150786139422344" lon="24.668580328281518"><time>2026-07-10T09:16:18.000Z</time></trkpt>
      <trkpt lat="60.15077205678332" lon="24.6687025744868"><time>2026-07-10T09:16:19.000Z</time></trkpt>
      <trkpt lat="60.1507579741443" lon="24.668824820692084"><time>2026-07-10T09:16:20.000Z</time></trkpt>
      <trkpt lat="60.15074389150528" lon="24.668947066897367"><time>2026-07-10T09:16:21.000Z</time></trkpt>
      <trkpt lat="60.15072980886625" lon="24.66906931310265"><time>2026-07-10T09:16:22.000Z</time></trkpt>
      <trkpt lat="60.15071572622723" lon="24.669191559307933"><time>2026-07-10T09:16:23.000Z</time></trkpt>
      <trkpt lat="60.150701643588214" lon="24.669313805513216"><time>2026-07-10T09:16:24.000Z</time></trkpt>
      <trkpt lat="60.15068756094919" lon="24.6694360517185"><time>2026-07-10T09:16:25.000Z</time></trkpt>
      <trkpt lat="60.1506753480308" lon="24.669558965765237"><time>2026-07-10T09:16:26.000Z</time></trkpt>
      <trkpt lat="60.150667592239216" lon="24.669683471843427"><time>2026-07-10T09:16:27.000Z</time></trkpt>
      <trkpt lat="60.15065983644764" lon="24.66980797792162"><time>2026-07-10T09:16:28.000Z</time></trkpt>
      <trkpt lat="60.15065208065605" lon="24.669932483999812"><time>2026-07-10T09:16:29.000Z</time></trkpt>
      <trkpt lat="60.150644324864466" lon="24.670056990078002"><time>2026-07-10T09:16:30.000Z</time></trkpt>
      <trkpt lat="60.15063656907289" lon="24.670181496156196"><time>2026-07-10T09:16:31.000Z</time></trkpt>
      <trkpt lat="60.1506288132813" lon="24.670306002234387"><time>2026-07-10T09:16:32.000Z</time></trkpt>
      <trkpt lat="60.15062105748972" lon="24.670430508312577"><time>2026-07-10T09:16:33.000Z</time></trkpt>
      <trkpt lat="60.15061330169814" lon="24.67055501439077"><time>2026-07-10T09:16:34.000Z</time></trkpt>
      <trkpt lat="60.15060554590656" lon="24.670679520468962"><time>2026-07-10T09:16:35.000Z</time></trkpt>
      <trkpt lat="60.15059779011497" lon="24.670804026547152"><time>2026-07-10T09:16:36.000Z</time></trkpt>
      <trkpt lat="60.15059003432339" lon="24.670928532625346"><time>2026-07-10T09:16:37.000Z</time></trkpt>
      <trkpt lat="60.150584933272775" lon="24.671053400081547"><time>2026-07-10T09:16:38.000Z</time></trkpt>
      <trkpt lat="60.15058425770739" lon="24.671178869959252"><time>2026-07-10T09:16:39.000Z</time></trkpt>
      <trkpt lat="60.150583582142005" lon="24.671304339836954"><time>2026-07-10T09:16:40.000Z</time></trkpt>
      <trkpt lat="60.150582906576616" lon="24.67142980971466"><time>2026-07-10T09:16:41.000Z</time></trkpt>
      <trkpt lat="60.15058223101123" lon="24.67155527959236"><time>2026-07-10T09:16:42.000Z</time></trkpt>
      <trkpt lat="60.15058155544584" lon="24.671680749470067"><time>2026-07-10T09:16:43.000Z</time></trkpt>
      <trkpt lat="60.15058087988045" lon="24.671806219347772"><time>2026-07-10T09:16:44.000Z</time></trkpt>
      <trkpt lat="60.15058020431506" lon="24.671931689225474"><time>2026-07-10T09:16:45.000Z</time></trkpt>
      <trkpt lat="60.150579528749674" lon="24.67205715910318"><time>2026-07-10T09:16:46.000Z</time></trkpt>
      <trkpt lat="60.150578853184285" lon="24.67218262898088"><time>2026-07-10T09:16:47.000Z</time></trkpt>
      <trkpt lat="60.1505781776189" lon="24.672308098858586"><time>2026-07-10T09:16:48.000Z</time></trkpt>
      <trkpt lat="60.15057750205351" lon="24.672433568736288"><time>2026-07-10T09:16:49.000Z</time></trkpt>
      <trkpt lat="60.15057820992977" lon="24.67255889517934"><time>2026-07-10T09:16:50.000Z</time></trkpt>
      <trkpt lat="60.15058531120251" lon="24.672683558757697"><time>2026-07-10T09:16:51.000Z</time></trkpt>
      <trkpt lat="60.150592412475255" lon="24.67280822233605"><time>2026-07-10T09:16:52.000Z</time></trkpt>
      <trkpt lat="60.150599513748" lon="24.67293288591441"><time>2026-07-10T09:16:53.000Z</time></trkpt>
      <trkpt lat="60.15060661502074" lon="24.673057549492768"><time>2026-07-10T09:16:54.000Z</time></trkpt>
      <trkpt lat="60.15061371629349" lon="24.673182213071126"><time>2026-07-10T09:16:55.000Z</time></trkpt>
      <trkpt lat="60.150620817566235" lon="24.673306876649484"><time>2026-07-10T09:16:56.000Z</time></trkpt>
      <trkpt lat="60.15062791883898" lon="24.673431540227842"><time>2026-07-10T09:16:57.000Z</time></trkpt>
      <trkpt lat="60.15063502011172" lon="24.6735562038062"><time>2026-07-10T09:16:58.000Z</time></trkpt>
      <trkpt lat="60.150642121384465" lon="24.673680867384558"><time>2026-07-10T09:16:59.000Z</time></trkpt>
      <trkpt lat="60.15064922265721" lon="24.673805530962913"><time>2026-07-10T09:17:00.000Z</time></trkpt>
      <trkpt lat="60.15065632392995" lon="24.67393019454127"><time>2026-07-10T09:17:01.000Z</time></trkpt>
      <trkpt lat="60.150663425202694" lon="24.67405485811963"><time>2026-07-10T09:17:02.000Z</time></trkpt>
      <trkpt lat="60.1506763517985" lon="24.67417736850389"><time>2026-07-10T09:17:03.000Z</time></trkpt>
      <trkpt lat="60.15069180176731" lon="24.674298946182482"><time>2026-07-10T09:17:04.000Z</time></trkpt>
      <trkpt lat="60.15070725173612" lon="24.67442052386107"><time>2026-07-10T09:17:05.000Z</time></trkpt>
      <trkpt lat="60.15072270170493" lon="24.67454210153966"><time>2026-07-10T09:17:06.000Z</time></trkpt>
      <trkpt lat="60.15073815167374" lon="24.674663679218252"><time>2026-07-10T09:17:07.000Z</time></trkpt>
      <trkpt lat="60.15075360164255" lon="24.67478525689684"><time>2026-07-10T09:17:08.000Z</time></trkpt>
      <trkpt lat="60.150769051611356" lon="24.67490683457543"><time>2026-07-10T09:17:09.000Z</time></trkpt>
      <trkpt lat="60.15078450158017" lon="24.675028412254022"><time>2026-07-10T09:17:10.000Z</time></trkpt>
      <trkpt lat="60.150799951548976" lon="24.67514998993261"><time>2026-07-10T09:17:11.000Z</time></trkpt>
      <trkpt lat="60.15081540151779" lon="24.6752715676112"><time>2026-07-10T09:17:12.000Z</time></trkpt>
      <trkpt lat="60.150830851486596" lon="24.675393145289792"><time>2026-07-10T09:17:13.000Z</time></trkpt>
      <trkpt lat="60.1508463014554" lon="24.67551472296838"><time>2026-07-10T09:17:14.000Z</time></trkpt>
      <trkpt lat="60.150861751424216" lon="24.67563630064697"><time>2026-07-10T09:17:15.000Z</time></trkpt>
      <trkpt lat="60.15088533570777" lon="24.67575239767986"><time>2026-07-10T09:17:16.000Z</time></trkpt>
      <trkpt lat="60.150909496869154" lon="24.675868106030606"><time>2026-07-10T09:17:17.000Z</time></trkpt>
      <trkpt lat="60.15093365803053" lon="24.675983814381347"><time>2026-07-10T09:17:18.000Z</time></trkpt>
      <trkpt lat="60.15095781919191" lon="24.676099522732088"><time>2026-07-10T09:17:19.000Z</time></trkpt>
      <trkpt lat="60.150981980353286" lon="24.67621523108283"><time>2026-07-10T09:17:20.000Z</time></trkpt>
      <trkpt lat="60.151006141514664" lon="24.67633093943357"><time>2026-07-10T09:17:21.000Z</time></trkpt>
      <trkpt lat="60.15103030267605" lon="24.67644664778431"><time>2026-07-10T09:17:22.000Z</time></trkpt>
      <trkpt lat="60.151054463837426" lon="24.67656235613505"><time>2026-07-10T09:17:23.000Z</time></trkpt>
      <trkpt lat="60.1510786249988" lon="24.676678064485795"><time>2026-07-10T09:17:24.000Z</time></trkpt>
      <trkpt lat="60.15110278616018" lon="24.676793772836536"><time>2026-07-10T09:17:25.000Z</time></trkpt>
      <trkpt lat="60.15112694732156" lon="24.676909481187277"><time>2026-07-10T09:17:26.000Z</time></trkpt>
      <trkpt lat="60.15115110848294" lon="24.677025189538018"><time>2026-07-10T09:17:27.000Z</time></trkpt>
      <trkpt lat="60.15117526964432" lon="24.67714089788876"><time>2026-07-10T09:17:28.000Z</time></trkpt>
      <trkpt lat="60.15120725536083" lon="24.67724849628552"><time>2026-07-10T09:17:29.000Z</time></trkpt>
      <trkpt lat="60.151240185622775" lon="24.677355115684765"><time>2026-07-10T09:17:30.000Z</time></trkpt>
      <trkpt lat="60.15127311588473" lon="24.677461735084012"><time>2026-07-10T09:17:31.000Z</time></trkpt>
      <trkpt lat="60.15130604614667" lon="24.67756835448326"><time>2026-07-10T09:17:32.000Z</time></trkpt>
      <trkpt lat="60.151338976408624" lon="24.677674973882507"><time>2026-07-10T09:17:33.000Z</time></trkpt>
      <trkpt lat="60.15137190667057" lon="24.677781593281754"><time>2026-07-10T09:17:34.000Z</time></trkpt>
      <trkpt lat="60.15140483693252" lon="24.677888212681"><time>2026-07-10T09:17:35.000Z</time></trkpt>
      <trkpt lat="60.151437767194466" lon="24.67799483208025"><time>2026-07-10T09:17:36.000Z</time></trkpt>
      <trkpt lat="60.15147069745642" lon="24.678101451479495"><time>2026-07-10T09:17:37.000Z</time></trkpt>
      <trkpt lat="60.15150362771836" lon="24.67820807087874"><time>2026-07-10T09:17:38.000Z</time></trkpt>
      <trkpt lat="60.151536557980315" lon="24.678314690277986"><time>2026-07-10T09:17:39.000Z</time></trkpt>
      <trkpt lat="60.15156948824226" lon="24.678421309677233"><time>2026-07-10T09:17:40.000Z</time></trkpt>
      <trkpt lat="60.15160241850421" lon="24.67852792907648"><time>2026-07-10T09:17:41.000Z</time></trkpt>
      <trkpt lat="60.151640303205944" lon="24.678627143880693"><time>2026-07-10T09:17:42.000Z</time></trkpt>
      <trkpt lat="60.15168166227791" lon="24.678721166109028"><time>2026-07-10T09:17:43.000Z</time></trkpt>
      <trkpt lat="60.151723021349866" lon="24.678815188337364"><time>2026-07-10T09:17:44.000Z</time></trkpt>
      <trkpt lat="60.151764380421824" lon="24.6789092105657"><time>2026-07-10T09:17:45.000Z</time></trkpt>
      <trkpt lat="60.15180573949379" lon="24.679003232794035"><time>2026-07-10T09:17:46.000Z</time></trkpt>
      <trkpt lat="60.151847098565746" lon="24.67909725502237"><time>2026-07-10T09:17:47.000Z</time></trkpt>
      <trkpt lat="60.1518884576377" lon="24.679191277250705"><time>2026-07-10T09:17:48.000Z</time></trkpt>
      <trkpt lat="60.15192981670966" lon="24.67928529947904"><time>2026-07-10T09:17:49.000Z</time></trkpt>
      <trkpt lat="60.151971175781625" lon="24.679379321707376"><time>2026-07-10T09:17:50.000Z</time></trkpt>
      <trkpt lat="60.15201253485358" lon="24.679473343935715"><time>2026-07-10T09:17:51.000Z</time></trkpt>
      <trkpt lat="60.15205389392554" lon="24.67956736616405"><time>2026-07-10T09:17:52.000Z</time></trkpt>
      <trkpt lat="60.152095252997505" lon="24.679661388392386"><time>2026-07-10T09:17:53.000Z</time></trkpt>
      <trkpt lat="60.15213661206946" lon="24.67975541062072"><time>2026-07-10T09:17:54.000Z</time></trkpt>
      <trkpt lat="60.15217830521728" lon="24.679848724108208"><time>2026-07-10T09:17:55.000Z</time></trkpt>
      <trkpt lat="60.15222728114965" lon="24.679926587191755"><time>2026-07-10T09:17:56.000Z</time></trkpt>
      <trkpt lat="60.152276257082015" lon="24.6800044502753"><time>2026-07-10T09:17:57.000Z</time></trkpt>
      <trkpt lat="60.15232523301439" lon="24.680082313358845"><time>2026-07-10T09:17:58.000Z</time></trkpt>
      <trkpt lat="60.15237420894676" lon="24.680160176442392"><time>2026-07-10T09:17:59.000Z</time></trkpt>
      <trkpt lat="60.152423184879126" lon="24.68023803952594"><time>2026-07-10T09:18:00.000Z</time></trkpt>
      <trkpt lat="60.1524721608115" lon="24.680315902609486"><time>2026-07-10T09:18:01.000Z</time></trkpt>
      <trkpt lat="60.152521136743864" lon="24.680393765693033"><time>2026-07-10T09:18:02.000Z</time></trkpt>
      <trkpt lat="60.15257011267624" lon="24.680471628776576"><time>2026-07-10T09:18:03.000Z</time></trkpt>
      <trkpt lat="60.15261908860861" lon="24.680549491860123"><time>2026-07-10T09:18:04.000Z</time></trkpt>
      <trkpt lat="60.152668064540975" lon="24.68062735494367"><time>2026-07-10T09:18:05.000Z</time></trkpt>
      <trkpt lat="60.15271704047335" lon="24.680705218027217"><time>2026-07-10T09:18:06.000Z</time></trkpt>
      <trkpt lat="60.152766016405714" lon="24.680783081110764"><time>2026-07-10T09:18:07.000Z</time></trkpt>
      <trkpt lat="60.15281499233809" lon="24.68086094419431"><time>2026-07-10T09:18:08.000Z</time></trkpt>
      <trkpt lat="60.15286581729471" lon="24.680933096225715"><time>2026-07-10T09:18:09.000Z</time></trkpt>
      <trkpt lat="60.15292109532568" lon="24.680991494116395"><time>2026-07-10T09:18:10.000Z</time></trkpt>
      <trkpt lat="60.15297637335665" lon="24.681049892007074"><time>2026-07-10T09:18:11.000Z</time></trkpt>
      <trkpt lat="60.15303165138762" lon="24.681108289897754"><time>2026-07-10T09:18:12.000Z</time></trkpt>
      <trkpt lat="60.153086929418585" lon="24.681166687788433"><time>2026-07-10T09:18:13.000Z</time></trkpt>
      <trkpt lat="60.153142207449555" lon="24.681225085679113"><time>2026-07-10T09:18:14.000Z</time></trkpt>
      <trkpt lat="60.153197485480526" lon="24.681283483569793"><time>2026-07-10T09:18:15.000Z</time></trkpt>
      <trkpt lat="60.153252763511496" lon="24.681341881460472"><time>2026-07-10T09:18:16.000Z</time></trkpt>
      <trkpt lat="60.153308041542466" lon="24.681400279351152"><time>2026-07-10T09:18:17.000Z</time></trkpt>
      <trkpt lat="60.15336331957344" lon="24.681458677241828"><time>2026-07-10T09:18:18.000Z</time></trkpt>
      <trkpt lat="60.15341859760441" lon="24.681517075132508"><time>2026-07-10T09:18:19.000Z</time></trkpt>
      <trkpt lat="60.15347387563538" lon="24.681575473023187"><time>2026-07-10T09:18:20.000Z</time></trkpt>
      <trkpt lat="60.15352915366635" lon="24.681633870913867"><time>2026-07-10T09:18:21.000Z</time></trkpt>
      <trkpt lat="60.15358443169731" lon="24.681692268804547"><time>2026-07-10T09:18:22.000Z</time></trkpt>
      <trkpt lat="60.15364141828099" lon="24.681742278604894"><time>2026-07-10T09:18:23.000Z</time></trkpt>
      <trkpt lat="60.153701211788224" lon="24.68177850789478"><time>2026-07-10T09:18:24.000Z</time></trkpt>
      <trkpt lat="60.15376100529546" lon="24.681814737184666"><time>2026-07-10T09:18:25.000Z</time></trkpt>
      <trkpt lat="60.15382079880269" lon="24.68185096647455"><time>2026-07-10T09:18:26.000Z</time></trkpt>
      <trkpt lat="60.153880592309925" lon="24.681887195764435"><time>2026-07-10T09:18:27.000Z</time></trkpt>
      <trkpt lat="60.153940385817165" lon="24.681923425054322"><time>2026-07-10T09:18:28.000Z</time></trkpt>
      <trkpt lat="60.1540001793244" lon="24.681959654344208"><time>2026-07-10T09:18:29.000Z</time></trkpt>
      <trkpt lat="60.15405997283163" lon="24.68199588363409"><time>2026-07-10T09:18:30.000Z</time></trkpt>
      <trkpt lat="60.154119766338866" lon="24.682032112923977"><time>2026-07-10T09:18:31.000Z</time></trkpt>
      <trkpt lat="60.1541795598461" lon="24.682068342213864"><time>2026-07-10T09:18:32.000Z</time></trkpt>
      <trkpt lat="60.15423935335334" lon="24.68210457150375"><time>2026-07-10T09:18:33.000Z</time></trkpt>
      <trkpt lat="60.15429914686057" lon="24.682140800793633"><time>2026-07-10T09:18:34.000Z</time></trkpt>
      <trkpt lat="60.15435894036781" lon="24.68217703008352"><time>2026-07-10T09:18:35.000Z</time></trkpt>
      <trkpt lat="60.15441873387504" lon="24.682213259373405"><time>2026-07-10T09:18:36.000Z</time></trkpt>
      <trkpt lat="60.154479349988684" lon="24.682241139911998"><time>2026-07-10T09:18:37.000Z</time></trkpt>
      <trkpt lat="60.15454150291124" lon="24.68225342315485"><time>2026-07-10T09:18:38.000Z</time></trkpt>
      <trkpt lat="60.1546036558338" lon="24.682265706397704"><time>2026-07-10T09:18:39.000Z</time></trkpt>
      <trkpt lat="60.15466580875636" lon="24.682277989640554"><time>2026-07-10T09:18:40.000Z</time></trkpt>
      <trkpt lat="60.15472796167892" lon="24.682290272883407"><time>2026-07-10T09:18:41.000Z</time></trkpt>
      <trkpt lat="60.15479011460148" lon="24.68230255612626"><time>2026-07-10T09:18:42.000Z</time></trkpt>
      <trkpt lat="60.15485226752404" lon="24.68231483936911"><time>2026-07-10T09:18:43.000Z</time></trkpt>
      <trkpt lat="60.1549144204466" lon="24.682327122611962"><time>2026-07-10T09:18:44.000Z</time></trkpt>
      <trkpt lat="60.15497657336917" lon="24.682339405854815"><time>2026-07-10T09:18:45.000Z</time></trkpt>
      <trkpt lat="60.15503872629173" lon="24.682351689097665"><time>2026-07-10T09:18:46.000Z</time></trkpt>
      <trkpt lat="60.15510087921429" lon="24.682363972340518"><time>2026-07-10T09:18:47.000Z</time></trkpt>
      <trkpt lat="60.15516303213685" lon="24.68237625558337"><time>2026-07-10T09:18:48.000Z</time></trkpt>
      <trkpt lat="60.15522518505941" lon="24.68238853882622"><time>2026-07-10T09:18:49.000Z</time></trkpt>
      <trkpt lat="60.15528733798197" lon="24.682400822069074"><time>2026-07-10T09:18:50.000Z</time></trkpt>
      <trkpt lat="60.155333333333324" lon="24.682409912101328"><time>2026-07-10T09:18:50.740Z</time></trkpt>
    </trkseg>
  </trk>
</gpx>
